Airline,Aircraft,Day,Scheduled Time,Actual Time
Jetstar,JQ500,1 Aug 2024,6:00 AM,6:07 AM
Jetstar,JQ500,02 Aug 2024,6:00 AM,6:24 AM
Jetstar,JQ500,03 Aug 2024,6:00 AM,6:11 AM
Jetstar,JQ500,04 Aug 2024,6:00 AM,6:11 AM
Jetstar,JQ500,05 Aug 2024,6:00 AM,6:11 AM
Jetstar,JQ500,06 Aug 2024,6:00 AM,6:10 AM
Jetstar,JQ500,07 Aug 2024,6:00 AM,6:04 AM
Jetstar,JQ500,08 Aug 2024,6:00 AM,6:06 AM
Jetstar,JQ500,09 Aug 2024,6:00 AM,6:03 AM
Jetstar,JQ500,10 Aug 2024,6:00 AM,6:18 AM
Jetstar,JQ500,11 Aug 2024,6:00 AM,6:22 AM
Jetstar,JQ500,12 Aug 2024,6:00 AM,6:06 AM
Jetstar,JQ500,13 Aug 2024,6:00 AM,6:06 AM
Jetstar,JQ500,14 Aug 2024,6:00 AM,6:15 AM
Jetstar,JQ500,15 Aug 2024,6:00 AM,6:14 AM
Jetstar,JQ500,16 Aug 2024,6:00 AM,6:11 AM
Jetstar,JQ500,17 Aug 2024,6:00 AM,6:52 AM
Jetstar,JQ500,18 Aug 2024,6:00 AM,6:04 AM
Jetstar,JQ500,19 Aug 2024,6:00 AM,6:19 AM
Jetstar,JQ500,20 Aug 2024,6:00 AM,6:04 AM
Jetstar,JQ500,21 Aug 2024,6:00 AM,6:10 AM
Jetstar,JQ500,22 Aug 2024,6:00 AM,6:02 AM
Jetstar,JQ500,23 Aug 2024,6:00 AM,6:08 AM
Jetstar,JQ500,24 Aug 2024,6:00 AM,6:17 AM
Jetstar,JQ500,25 Aug 2024,6:00 AM,
Jetstar,JQ500,26 Aug 2024,6:00 AM,6:01 AM
Jetstar,JQ500,27 Aug 2024,6:00 AM,6:06 AM
Jetstar,JQ500,28 Aug 2024,6:00 AM,6:32 AM
Jetstar,JQ500,29 Aug 2024,6:00 AM,6:05 AM
Jetstar,JQ500,30 Aug 2024,6:00 AM,6:14 AM
Jetstar,JQ500,31 Aug 2024,6:00 AM,6:18 AM
Jetstar,JQ502,1 Aug 2024,7:30 AM,7:48 AM
Jetstar,JQ502,02 Aug 2024,7:30 AM,7:56 AM
Jetstar,JQ502,03 Aug 2024,7:30 AM,7:37 AM
Jetstar,JQ502,04 Aug 2024,7:30 AM,7:35 AM
Jetstar,JQ502,05 Aug 2024,7:30 AM,7:46 AM
Jetstar,JQ502,06 Aug 2024,7:30 AM,7:38 AM
Jetstar,JQ502,07 Aug 2024,7:30 AM,7:49 AM
Jetstar,JQ502,08 Aug 2024,7:30 AM,7:55 AM
Jetstar,JQ502,09 Aug 2024,7:30 AM,7:47 AM
Jetstar,JQ502,10 Aug 2024,7:30 AM,
Jetstar,JQ502,11 Aug 2024,7:30 AM,7:58 AM
Jetstar,JQ502,12 Aug 2024,7:30 AM,8:13 AM
Jetstar,JQ502,13 Aug 2024,7:25 AM,7:52 AM
Jetstar,JQ502,14 Aug 2024,7:30 AM,8:12 AM
Jetstar,JQ502,15 Aug 2024,7:30 AM,
Jetstar,JQ502,16 Aug 2024,7:30 AM,8:05 AM
Jetstar,JQ502,17 Aug 2024,7:30 AM,7:40 AM
Jetstar,JQ502,18 Aug 2024,7:30 AM,7:42 AM
Jetstar,JQ502,19 Aug 2024,7:30 AM,7:45 AM
Jetstar,JQ502,20 Aug 2024,7:25 AM,7:31 AM
Jetstar,JQ502,21 Aug 2024,7:30 AM,7:57 AM
Jetstar,JQ502,22 Aug 2024,7:30 AM,7:41 AM
Jetstar,JQ502,23 Aug 2024,7:30 AM,7:40 AM
Jetstar,JQ502,24 Aug 2024,7:30 AM,7:33 AM
Jetstar,JQ502,25 Aug 2024,7:30 AM,7:39 AM
Jetstar,JQ502,26 Aug 2024,7:30 AM,7:46 AM
Jetstar,JQ502,27 Aug 2024,7:25 AM,7:46 AM
Jetstar,JQ502,28 Aug 2024,7:30 AM,8:01 AM
Jetstar,JQ502,29 Aug 2024,7:30 AM,7:42 AM
Jetstar,JQ502,30 Aug 2024,7:30 AM,7:50 AM
Jetstar,JQ502,31 Aug 2024,7:30 AM,8:03 AM
Jetstar,JQ504,1 Aug 2024,8:15 AM,9:01 AM
Jetstar,JQ504,02 Aug 2024,8:15 AM,9:26 AM
Jetstar,JQ504,03 Aug 2024,8:15 AM,9:10 AM
Jetstar,JQ504,04 Aug 2024,8:15 AM,8:18 AM
Jetstar,JQ504,05 Aug 2024,8:15 AM,8:26 AM
Jetstar,JQ504,06 Aug 2024,8:15 AM,8:31 AM
Jetstar,JQ504,07 Aug 2024,8:15 AM,8:27 AM
Jetstar,JQ504,08 Aug 2024,8:15 AM,8:20 AM
Jetstar,JQ504,09 Aug 2024,8:15 AM,8:22 AM
Jetstar,JQ504,10 Aug 2024,8:15 AM,8:21 AM
Jetstar,JQ504,11 Aug 2024,8:15 AM,8:18 AM
Jetstar,JQ504,12 Aug 2024,8:15 AM,8:31 AM
Jetstar,JQ504,13 Aug 2024,8:15 AM,8:27 AM
Jetstar,JQ504,14 Aug 2024,8:15 AM,8:30 AM
Jetstar,JQ504,15 Aug 2024,8:15 AM,8:21 AM
Jetstar,JQ504,16 Aug 2024,8:15 AM,8:47 AM
Jetstar,JQ504,17 Aug 2024,8:15 AM,8:15 AM
Jetstar,JQ504,18 Aug 2024,8:15 AM,8:28 AM
Jetstar,JQ504,19 Aug 2024,8:15 AM,8:24 AM
Jetstar,JQ504,20 Aug 2024,8:15 AM,8:34 AM
Jetstar,JQ504,21 Aug 2024,8:15 AM,8:22 AM
Jetstar,JQ504,22 Aug 2024,8:15 AM,8:29 AM
Jetstar,JQ504,23 Aug 2024,8:15 AM,9:07 AM
Jetstar,JQ504,24 Aug 2024,8:15 AM,8:21 AM
Jetstar,JQ504,25 Aug 2024,8:15 AM,8:26 AM
Jetstar,JQ504,26 Aug 2024,8:15 AM,8:30 AM
Jetstar,JQ504,27 Aug 2024,8:15 AM,8:27 AM
Jetstar,JQ504,28 Aug 2024,8:15 AM,9:19 AM
Jetstar,JQ504,29 Aug 2024,8:15 AM,8:29 AM
Jetstar,JQ504,30 Aug 2024,8:15 AM,8:34 AM
Jetstar,JQ504,31 Aug 2024,8:15 AM,8:31 AM
Jetstar,JQ508,1 Aug 2024,9:25 AM,9:52 AM
Jetstar,JQ508,02 Aug 2024,9:25 AM,
Jetstar,JQ508,03 Aug 2024,9:25 AM,9:48 AM
Jetstar,JQ508,04 Aug 2024,9:25 AM,9:30 AM
Jetstar,JQ508,05 Aug 2024,9:25 AM,9:35 AM
Jetstar,JQ508,06 Aug 2024,9:25 AM,9:31 AM
Jetstar,JQ508,07 Aug 2024,9:25 AM,9:38 AM
Jetstar,JQ508,08 Aug 2024,9:25 AM,9:38 AM
Jetstar,JQ508,09 Aug 2024,9:25 AM,9:51 AM
Jetstar,JQ508,10 Aug 2024,9:25 AM,9:39 AM
Jetstar,JQ508,11 Aug 2024,9:25 AM,9:37 AM
Jetstar,JQ508,12 Aug 2024,9:25 AM,9:44 AM
Jetstar,JQ508,13 Aug 2024,9:25 AM,9:42 AM
Jetstar,JQ508,14 Aug 2024,9:25 AM,9:45 AM
Jetstar,JQ508,15 Aug 2024,9:25 AM,10:11 AM
Jetstar,JQ508,16 Aug 2024,9:25 AM,9:54 AM
Jetstar,JQ508,17 Aug 2024,9:25 AM,9:56 AM
Jetstar,JQ508,18 Aug 2024,9:25 AM,9:38 AM
Jetstar,JQ508,19 Aug 2024,9:25 AM,9:43 AM
Jetstar,JQ508,20 Aug 2024,9:25 AM,9:47 AM
Jetstar,JQ508,21 Aug 2024,9:25 AM,9:36 AM
Jetstar,JQ508,22 Aug 2024,9:25 AM,10:13 AM
Jetstar,JQ508,23 Aug 2024,9:25 AM,9:48 AM
Jetstar,JQ508,24 Aug 2024,9:25 AM,9:42 AM
Jetstar,JQ508,25 Aug 2024,9:25 AM,10:37 AM
Jetstar,JQ508,26 Aug 2024,9:25 AM,9:41 AM
Jetstar,JQ508,27 Aug 2024,9:25 AM,9:37 AM
Jetstar,JQ508,28 Aug 2024,9:25 AM,
Jetstar,JQ508,29 Aug 2024,9:25 AM,9:56 AM
Jetstar,JQ508,30 Aug 2024,9:25 AM,9:46 AM
Jetstar,JQ508,31 Aug 2024,9:25 AM,9:38 AM
Jetstar,JQ512,1 Aug 2024,12:25 PM,12:52 PM
Jetstar,JQ512,02 Aug 2024,12:25 PM,1:06 PM
Jetstar,JQ512,03 Aug 2024,12:25 PM,12:41 PM
Jetstar,JQ512,04 Aug 2024,12:25 PM,12:43 PM
Jetstar,JQ512,05 Aug 2024,12:25 PM,12:42 PM
Jetstar,JQ512,06 Aug 2024,12:25 PM,12:33 PM
Jetstar,JQ512,07 Aug 2024,12:25 PM,12:39 PM
Jetstar,JQ512,08 Aug 2024,12:25 PM,12:38 PM
Jetstar,JQ512,09 Aug 2024,12:25 PM,12:30 PM
Jetstar,JQ512,10 Aug 2024,12:25 PM,12:55 PM
Jetstar,JQ512,11 Aug 2024,12:25 PM,12:38 PM
Jetstar,JQ512,12 Aug 2024,12:25 PM,12:58 PM
Jetstar,JQ512,13 Aug 2024,12:25 PM,1:16 PM
Jetstar,JQ512,14 Aug 2024,12:25 PM,1:11 PM
Jetstar,JQ512,15 Aug 2024,12:25 PM,1:28 PM
Jetstar,JQ512,16 Aug 2024,12:25 PM,1:01 PM
Jetstar,JQ512,17 Aug 2024,12:25 PM,12:35 PM
Jetstar,JQ512,18 Aug 2024,12:25 PM,12:39 PM
Jetstar,JQ512,19 Aug 2024,12:25 PM,12:54 PM
Jetstar,JQ512,20 Aug 2024,12:25 PM,12:52 PM
Jetstar,JQ512,21 Aug 2024,12:25 PM,12:31 PM
Jetstar,JQ512,22 Aug 2024,12:25 PM,1:31 PM
Jetstar,JQ512,23 Aug 2024,12:25 PM,12:32 PM
Jetstar,JQ512,24 Aug 2024,12:25 PM,12:51 PM
Jetstar,JQ512,25 Aug 2024,12:25 PM,
Jetstar,JQ512,26 Aug 2024,12:25 PM,12:52 PM
Jetstar,JQ512,27 Aug 2024,12:25 PM,1:01 PM
Jetstar,JQ512,28 Aug 2024,12:25 PM,1:38 PM
Jetstar,JQ512,29 Aug 2024,12:25 PM,12:47 PM
Jetstar,JQ512,30 Aug 2024,12:25 PM,12:47 PM
Jetstar,JQ512,31 Aug 2024,12:25 PM,12:53 PM
Jetstar,JQ518,1 Aug 2024,2:25 PM,2:53 PM
Jetstar,JQ518,02 Aug 2024,2:25 PM,2:45 PM
Jetstar,JQ518,03 Aug 2024,2:25 PM,3:07 PM
Jetstar,JQ518,04 Aug 2024,2:25 PM,2:49 PM
Jetstar,JQ518,05 Aug 2024,2:25 PM,3:15 PM
Jetstar,JQ518,06 Aug 2024,2:25 PM,2:50 PM
Jetstar,JQ518,07 Aug 2024,2:25 PM,3:24 PM
Jetstar,JQ518,08 Aug 2024,2:25 PM,2:51 PM
Jetstar,JQ518,09 Aug 2024,2:25 PM,2:37 PM
Jetstar,JQ518,10 Aug 2024,2:25 PM,2:50 PM
Jetstar,JQ518,11 Aug 2024,2:25 PM,2:40 PM
Jetstar,JQ518,12 Aug 2024,2:25 PM,2:56 PM
Jetstar,JQ518,13 Aug 2024,2:25 PM,2:35 PM
Jetstar,JQ518,14 Aug 2024,2:25 PM,3:30 PM
Jetstar,JQ518,15 Aug 2024,2:25 PM,2:53 PM
Jetstar,JQ518,16 Aug 2024,2:25 PM,2:58 PM
Jetstar,JQ518,17 Aug 2024,2:25 PM,3:26 PM
Jetstar,JQ518,18 Aug 2024,2:25 PM,2:38 PM
Jetstar,JQ518,19 Aug 2024,2:25 PM,3:02 PM
Jetstar,JQ518,20 Aug 2024,2:25 PM,2:55 PM
Jetstar,JQ518,21 Aug 2024,2:25 PM,3:27 PM
Jetstar,JQ518,22 Aug 2024,2:25 PM,2:58 PM
Jetstar,JQ518,23 Aug 2024,2:25 PM,2:35 PM
Jetstar,JQ518,24 Aug 2024,2:25 PM,2:45 PM
Jetstar,JQ518,25 Aug 2024,2:25 PM,3:21 PM
Jetstar,JQ518,26 Aug 2024,2:25 PM,2:48 PM
Jetstar,JQ518,27 Aug 2024,2:25 PM,3:13 PM
Jetstar,JQ518,28 Aug 2024,2:25 PM,3:38 PM
Jetstar,JQ518,29 Aug 2024,2:25 PM,4:02 PM
Jetstar,JQ518,30 Aug 2024,2:25 PM,3:44 PM
Jetstar,JQ518,31 Aug 2024,2:25 PM,2:36 PM
Jetstar,JQ520,1 Aug 2024,3:25 PM,3:30 PM
Jetstar,JQ520,02 Aug 2024,3:25 PM,
Jetstar,JQ520,03 Aug 2024,3:25 PM,3:48 PM
Jetstar,JQ520,04 Aug 2024,3:25 PM,3:53 PM
Jetstar,JQ520,05 Aug 2024,3:25 PM,3:39 PM
Jetstar,JQ520,06 Aug 2024,3:25 PM,3:47 PM
Jetstar,JQ520,07 Aug 2024,3:25 PM,3:49 PM
Jetstar,JQ520,08 Aug 2024,3:25 PM,4:28 PM
Jetstar,JQ520,09 Aug 2024,3:25 PM,3:34 PM
Jetstar,JQ520,10 Aug 2024,3:25 PM,3:45 PM
Jetstar,JQ520,11 Aug 2024,3:25 PM,3:41 PM
Jetstar,JQ520,12 Aug 2024,3:25 PM,3:51 PM
Jetstar,JQ520,13 Aug 2024,3:25 PM,3:45 PM
Jetstar,JQ520,14 Aug 2024,3:25 PM,3:42 PM
Jetstar,JQ520,15 Aug 2024,3:25 PM,3:39 PM
Jetstar,JQ520,16 Aug 2024,3:25 PM,4:09 PM
Jetstar,JQ520,17 Aug 2024,3:25 PM,3:40 PM
Jetstar,JQ520,18 Aug 2024,3:25 PM,3:41 PM
Jetstar,JQ520,19 Aug 2024,3:25 PM,3:32 PM
Jetstar,JQ520,20 Aug 2024,3:25 PM,3:46 PM
Jetstar,JQ520,21 Aug 2024,3:25 PM,3:50 PM
Jetstar,JQ520,22 Aug 2024,3:25 PM,3:56 PM
Jetstar,JQ520,23 Aug 2024,3:25 PM,3:59 PM
Jetstar,JQ520,24 Aug 2024,3:25 PM,3:37 PM
Jetstar,JQ520,25 Aug 2024,3:25 PM,4:29 PM
Jetstar,JQ520,26 Aug 2024,3:25 PM,4:10 PM
Jetstar,JQ520,27 Aug 2024,3:25 PM,3:43 PM
Jetstar,JQ520,28 Aug 2024,3:25 PM,
Jetstar,JQ520,29 Aug 2024,3:25 PM,4:06 PM
Jetstar,JQ520,30 Aug 2024,3:25 PM,3:58 PM
Jetstar,JQ522,1 Aug 2024,3:55 PM,4:33 PM
Jetstar,JQ522,02 Aug 2024,3:40 PM,4:50 PM
Jetstar,JQ522,03 Aug 2024,4:15 PM,4:27 PM
Jetstar,JQ522,04 Aug 2024,4:15 PM,4:49 PM
Jetstar,JQ522,05 Aug 2024,3:55 PM,4:06 PM
Jetstar,JQ522,06 Aug 2024,,
Jetstar,JQ522,07 Aug 2024,4:15 PM,4:37 PM
Jetstar,JQ522,08 Aug 2024,3:55 PM,4:01 PM
Jetstar,JQ522,09 Aug 2024,3:40 PM,3:48 PM
Jetstar,JQ522,10 Aug 2024,4:15 PM,4:35 PM
Jetstar,JQ522,11 Aug 2024,4:15 PM,4:36 PM
Jetstar,JQ522,12 Aug 2024,3:55 PM,4:10 PM
Jetstar,JQ522,13 Aug 2024,4:15 PM,4:27 PM
Jetstar,JQ522,14 Aug 2024,4:15 PM,4:48 PM
Jetstar,JQ522,15 Aug 2024,3:55 PM,4:03 PM
Jetstar,JQ522,16 Aug 2024,,
Jetstar,JQ522,17 Aug 2024,4:15 PM,4:19 PM
Jetstar,JQ522,18 Aug 2024,4:15 PM,5:09 PM
Jetstar,JQ522,19 Aug 2024,3:55 PM,4:10 PM
Jetstar,JQ522,20 Aug 2024,4:15 PM,4:46 PM
Jetstar,JQ522,21 Aug 2024,4:15 PM,5:17 PM
Jetstar,JQ522,22 Aug 2024,3:55 PM,4:16 PM
Jetstar,JQ522,23 Aug 2024,3:40 PM,3:54 PM
Jetstar,JQ522,24 Aug 2024,4:15 PM,4:31 PM
Jetstar,JQ522,25 Aug 2024,4:15 PM,5:13 PM
Jetstar,JQ522,26 Aug 2024,3:55 PM,4:04 PM
Jetstar,JQ522,27 Aug 2024,4:15 PM,4:18 PM
Jetstar,JQ522,28 Aug 2024,4:15 PM,6:17 PM
Jetstar,JQ522,29 Aug 2024,3:55 PM,4:53 PM
Jetstar,JQ522,30 Aug 2024,3:40 PM,4:09 PM
Jetstar,JQ522,31 Aug 2024,4:15 PM,6:22 PM
Jetstar,JQ524,1 Aug 2024,5:40 PM,5:57 PM
Jetstar,JQ524,02 Aug 2024,5:40 PM,5:52 PM
Jetstar,JQ524,03 Aug 2024,5:40 PM,5:53 PM
Jetstar,JQ524,04 Aug 2024,5:40 PM,5:50 PM
Jetstar,JQ524,05 Aug 2024,5:40 PM,6:05 PM
Jetstar,JQ524,06 Aug 2024,5:40 PM,5:48 PM
Jetstar,JQ524,07 Aug 2024,5:40 PM,6:31 PM
Jetstar,JQ524,08 Aug 2024,5:40 PM,5:52 PM
Jetstar,JQ524,09 Aug 2024,5:40 PM,5:58 PM
Jetstar,JQ524,10 Aug 2024,5:40 PM,5:50 PM
Jetstar,JQ524,11 Aug 2024,5:40 PM,5:58 PM
Jetstar,JQ524,12 Aug 2024,5:40 PM,5:57 PM
Jetstar,JQ524,13 Aug 2024,5:40 PM,5:54 PM
Jetstar,JQ524,14 Aug 2024,5:40 PM,5:53 PM
Jetstar,JQ524,15 Aug 2024,5:40 PM,6:02 PM
Jetstar,JQ524,16 Aug 2024,5:40 PM,8:34 PM
Jetstar,JQ524,17 Aug 2024,5:40 PM,5:52 PM
Jetstar,JQ524,18 Aug 2024,5:40 PM,7:37 PM
Jetstar,JQ524,19 Aug 2024,5:40 PM,5:55 PM
Jetstar,JQ524,20 Aug 2024,5:40 PM,6:20 PM
Jetstar,JQ524,21 Aug 2024,5:40 PM,6:00 PM
Jetstar,JQ524,22 Aug 2024,5:40 PM,5:57 PM
Jetstar,JQ524,23 Aug 2024,5:40 PM,6:00 PM
Jetstar,JQ524,24 Aug 2024,5:40 PM,5:57 PM
Jetstar,JQ524,25 Aug 2024,5:40 PM,6:02 PM
Jetstar,JQ524,26 Aug 2024,5:40 PM,6:09 PM
Jetstar,JQ524,27 Aug 2024,5:40 PM,5:57 PM
Jetstar,JQ524,28 Aug 2024,5:40 PM,7:43 PM
Jetstar,JQ524,29 Aug 2024,5:40 PM,5:58 PM
Jetstar,JQ524,30 Aug 2024,5:40 PM,5:56 PM
Jetstar,JQ524,31 Aug 2024,5:40 PM,6:28 PM
Jetstar,JQ528,1 Aug 2024,7:15 PM,7:22 PM
Jetstar,JQ528,02 Aug 2024,7:15 PM,7:23 PM
Jetstar,JQ528,03 Aug 2024,7:15 PM,7:21 PM
Jetstar,JQ528,04 Aug 2024,7:15 PM,7:23 PM
Jetstar,JQ528,05 Aug 2024,7:15 PM,7:20 PM
Jetstar,JQ528,06 Aug 2024,7:15 PM,7:19 PM
Jetstar,JQ528,07 Aug 2024,7:15 PM,7:35 PM
Jetstar,JQ528,08 Aug 2024,7:15 PM,7:36 PM
Jetstar,JQ528,09 Aug 2024,7:15 PM,7:21 PM
Jetstar,JQ528,10 Aug 2024,7:15 PM,7:27 PM
Jetstar,JQ528,11 Aug 2024,7:15 PM,7:19 PM
Jetstar,JQ528,12 Aug 2024,7:15 PM,7:16 PM
Jetstar,JQ528,13 Aug 2024,7:15 PM,7:29 PM
Jetstar,JQ528,14 Aug 2024,7:15 PM,7:39 PM
Jetstar,JQ528,15 Aug 2024,7:15 PM,7:39 PM
Jetstar,JQ528,16 Aug 2024,7:15 PM,
Jetstar,JQ528,17 Aug 2024,7:15 PM,7:22 PM
Jetstar,JQ528,18 Aug 2024,7:15 PM,7:39 PM
Jetstar,JQ528,19 Aug 2024,7:15 PM,7:23 PM
Jetstar,JQ528,20 Aug 2024,7:15 PM,7:22 PM
Jetstar,JQ528,21 Aug 2024,7:15 PM,7:19 PM
Jetstar,JQ528,22 Aug 2024,7:15 PM,7:33 PM
Jetstar,JQ528,23 Aug 2024,7:15 PM,7:29 PM
Jetstar,JQ528,24 Aug 2024,7:15 PM,
Jetstar,JQ528,25 Aug 2024,7:15 PM,8:39 PM
Jetstar,JQ528,26 Aug 2024,7:15 PM,7:24 PM
Jetstar,JQ528,27 Aug 2024,7:15 PM,7:29 PM
Jetstar,JQ528,28 Aug 2024,7:15 PM,8:51 PM
Jetstar,JQ528,29 Aug 2024,7:15 PM,8:30 PM
Jetstar,JQ528,30 Aug 2024,7:15 PM,8:14 PM
Jetstar,JQ528,31 Aug 2024,7:15 PM,8:02 PM
Jetstar,JQ530,1 Aug 2024,8:15 PM,8:21 PM
Jetstar,JQ530,02 Aug 2024,8:15 PM,8:34 PM
Jetstar,JQ530,03 Aug 2024,8:15 PM,8:21 PM
Jetstar,JQ530,04 Aug 2024,8:15 PM,9:07 PM
Jetstar,JQ530,05 Aug 2024,8:15 PM,8:31 PM
Jetstar,JQ530,06 Aug 2024,8:15 PM,8:18 PM
Jetstar,JQ530,07 Aug 2024,8:15 PM,8:23 PM
Jetstar,JQ530,08 Aug 2024,8:15 PM,9:01 PM
Jetstar,JQ530,09 Aug 2024,8:15 PM,8:16 PM
Jetstar,JQ530,10 Aug 2024,8:15 PM,8:29 PM
Jetstar,JQ530,11 Aug 2024,8:15 PM,
Jetstar,JQ530,12 Aug 2024,8:15 PM,8:23 PM
Jetstar,JQ530,13 Aug 2024,8:15 PM,8:16 PM
Jetstar,JQ530,14 Aug 2024,8:15 PM,8:43 PM
Jetstar,JQ530,15 Aug 2024,8:15 PM,8:32 PM
Jetstar,JQ530,16 Aug 2024,8:15 PM,
Jetstar,JQ530,17 Aug 2024,8:15 PM,8:53 PM
Jetstar,JQ530,18 Aug 2024,8:15 PM,8:22 PM
Jetstar,JQ530,19 Aug 2024,8:15 PM,8:18 PM
Jetstar,JQ530,20 Aug 2024,8:15 PM,8:20 PM
Jetstar,JQ530,21 Aug 2024,8:15 PM,8:32 PM
Jetstar,JQ530,22 Aug 2024,8:15 PM,8:29 PM
Jetstar,JQ530,23 Aug 2024,8:15 PM,8:22 PM
Jetstar,JQ530,24 Aug 2024,8:15 PM,8:19 PM
Jetstar,JQ530,25 Aug 2024,8:15 PM,9:49 PM
Jetstar,JQ530,26 Aug 2024,8:15 PM,8:52 PM
Jetstar,JQ530,27 Aug 2024,8:15 PM,8:22 PM
Jetstar,JQ530,28 Aug 2024,8:15 PM,9:00 PM
Jetstar,JQ530,29 Aug 2024,8:15 PM,8:43 PM
Jetstar,JQ530,30 Aug 2024,8:15 PM,8:45 PM
Jetstar,JQ530,31 Aug 2024,8:15 PM,8:29 PM
Jetstar,JQ532,1 Aug 2024,8:50 PM,9:20 PM
Jetstar,JQ532,02 Aug 2024,8:50 PM,9:06 PM
Jetstar,JQ532,03 Aug 2024,8:50 PM,8:56 PM
Jetstar,JQ532,04 Aug 2024,8:50 PM,8:53 PM
Jetstar,JQ532,05 Aug 2024,8:50 PM,8:57 PM
Jetstar,JQ532,06 Aug 2024,8:50 PM,8:49 PM
Jetstar,JQ532,07 Aug 2024,8:50 PM,8:55 PM
Jetstar,JQ532,08 Aug 2024,8:50 PM,9:17 PM
Jetstar,JQ532,09 Aug 2024,8:50 PM,9:10 PM
Jetstar,JQ532,10 Aug 2024,8:50 PM,8:53 PM
Jetstar,JQ532,11 Aug 2024,8:50 PM,9:02 PM
Jetstar,JQ532,12 Aug 2024,8:50 PM,8:51 PM
Jetstar,JQ532,13 Aug 2024,8:50 PM,8:50 PM
Jetstar,JQ532,14 Aug 2024,8:50 PM,
Jetstar,JQ532,15 Aug 2024,8:50 PM,8:58 PM
Jetstar,JQ532,16 Aug 2024,8:50 PM,
Jetstar,JQ532,17 Aug 2024,8:50 PM,9:06 PM
Jetstar,JQ532,18 Aug 2024,8:50 PM,8:58 PM
Jetstar,JQ532,19 Aug 2024,8:50 PM,8:54 PM
Jetstar,JQ532,20 Aug 2024,8:50 PM,9:08 PM
Jetstar,JQ532,21 Aug 2024,8:50 PM,9:17 PM
Jetstar,JQ532,22 Aug 2024,8:50 PM,9:09 PM
Jetstar,JQ532,23 Aug 2024,8:50 PM,9:09 PM
Jetstar,JQ532,24 Aug 2024,8:50 PM,8:51 PM
Jetstar,JQ532,25 Aug 2024,8:50 PM,9:43 PM
Jetstar,JQ532,26 Aug 2024,8:50 PM,8:54 PM
Jetstar,JQ532,27 Aug 2024,8:50 PM,9:19 PM
Jetstar,JQ532,28 Aug 2024,8:50 PM,
Jetstar,JQ532,29 Aug 2024,8:50 PM,9:25 PM
Jetstar,JQ532,30 Aug 2024,8:50 PM,9:35 PM
Jetstar,JQ532,31 Aug 2024,8:50 PM,9:05 PM
Quantas,QF402,1 Aug 2024,6:00 AM,6:50 AM
Quantas,QF402,02 Aug 2024,6:00 AM,6:06 AM
Quantas,QF402,03 Aug 2024,6:00 AM,6:07 AM
Quantas,QF402,04 Aug 2024,6:00 AM,6:18 AM
Quantas,QF402,05 Aug 2024,6:00 AM,6:09 AM
Quantas,QF402,06 Aug 2024,6:00 AM,6:14 AM
Quantas,QF402,07 Aug 2024,6:00 AM,6:09 AM
Quantas,QF402,08 Aug 2024,6:00 AM,6:11 AM
Quantas,QF402,09 Aug 2024,6:00 AM,6:14 AM
Quantas,QF402,10 Aug 2024,6:00 AM,6:06 AM
Quantas,QF402,11 Aug 2024,6:00 AM,6:25 AM
Quantas,QF402,12 Aug 2024,6:00 AM,6:05 AM
Quantas,QF402,13 Aug 2024,6:00 AM,
Quantas,QF402,14 Aug 2024,6:00 AM,6:14 AM
Quantas,QF402,15 Aug 2024,6:00 AM,6:10 AM
Quantas,QF402,16 Aug 2024,6:00 AM,6:13 AM
Quantas,QF402,17 Aug 2024,6:00 AM,6:30 AM
Quantas,QF402,18 Aug 2024,6:00 AM,6:06 AM
Quantas,QF402,19 Aug 2024,6:00 AM,6:03 AM
Quantas,QF402,20 Aug 2024,6:00 AM,6:07 AM
Quantas,QF402,21 Aug 2024,6:00 AM,6:04 AM
Quantas,QF402,22 Aug 2024,6:00 AM,6:04 AM
Quantas,QF402,23 Aug 2024,6:00 AM,6:09 AM
Quantas,QF402,24 Aug 2024,6:00 AM,6:14 AM
Quantas,QF402,25 Aug 2024,6:00 AM,6:09 AM
Quantas,QF402,26 Aug 2024,6:00 AM,6:05 AM
Quantas,QF402,27 Aug 2024,6:00 AM,6:08 AM
Quantas,QF402,28 Aug 2024,6:00 AM,6:09 AM
Quantas,QF402,29 Aug 2024,6:00 AM,6:02 AM
Quantas,QF402,30 Aug 2024,6:00 AM,6:07 AM
Quantas,QF402,31 Aug 2024,6:00 AM,6:11 AM
Quantas,QF406,1 Aug 2024,6:30 AM,7:04 AM
Quantas,QF406,02 Aug 2024,6:30 AM,6:42 AM
Quantas,QF406,03 Aug 2024,6:30 AM,6:50 AM
Quantas,QF406,04 Aug 2024,6:30 AM,
Quantas,QF406,05 Aug 2024,6:30 AM,6:39 AM
Quantas,QF406,06 Aug 2024,6:30 AM,
Quantas,QF406,07 Aug 2024,6:30 AM,6:33 AM
Quantas,QF406,08 Aug 2024,6:30 AM,6:49 AM
Quantas,QF406,09 Aug 2024,6:30 AM,6:39 AM
Quantas,QF406,10 Aug 2024,6:30 AM,6:33 AM
Quantas,QF406,11 Aug 2024,6:30 AM,
Quantas,QF406,12 Aug 2024,6:30 AM,6:38 AM
Quantas,QF406,13 Aug 2024,6:30 AM,6:46 AM
Quantas,QF406,14 Aug 2024,6:30 AM,6:39 AM
Quantas,QF406,15 Aug 2024,6:30 AM,
Quantas,QF406,16 Aug 2024,6:30 AM,6:43 AM
Quantas,QF406,17 Aug 2024,6:30 AM,6:50 AM
Quantas,QF406,18 Aug 2024,6:30 AM,
Quantas,QF406,19 Aug 2024,6:30 AM,6:41 AM
Quantas,QF406,20 Aug 2024,6:30 AM,6:33 AM
Quantas,QF406,21 Aug 2024,6:30 AM,6:44 AM
Quantas,QF406,22 Aug 2024,6:30 AM,6:36 AM
Quantas,QF406,23 Aug 2024,6:30 AM,6:36 AM
Quantas,QF406,24 Aug 2024,6:30 AM,6:35 AM
Quantas,QF406,25 Aug 2024,6:30 AM,
Quantas,QF406,26 Aug 2024,6:30 AM,6:41 AM
Quantas,QF406,27 Aug 2024,6:30 AM,6:48 AM
Quantas,QF406,28 Aug 2024,6:30 AM,6:42 AM
Quantas,QF406,29 Aug 2024,6:30 AM,6:39 AM
Quantas,QF406,30 Aug 2024,6:30 AM,6:36 AM
Quantas,QF406,31 Aug 2024,6:30 AM,
Quantas,QF410,1 Aug 2024,7:00 AM,7:38 AM
Quantas,QF410,02 Aug 2024,7:00 AM,7:08 AM
Quantas,QF410,03 Aug 2024,7:00 AM,7:15 AM
Quantas,QF410,04 Aug 2024,7:00 AM,7:10 AM
Quantas,QF410,05 Aug 2024,7:00 AM,7:18 AM
Quantas,QF410,06 Aug 2024,7:00 AM,7:02 AM
Quantas,QF410,07 Aug 2024,7:00 AM,7:08 AM
Quantas,QF410,08 Aug 2024,7:00 AM,7:12 AM
Quantas,QF410,09 Aug 2024,7:00 AM,7:19 AM
Quantas,QF410,10 Aug 2024,7:00 AM,7:15 AM
Quantas,QF410,11 Aug 2024,7:00 AM,7:21 AM
Quantas,QF410,12 Aug 2024,7:00 AM,
Quantas,QF410,13 Aug 2024,7:00 AM,7:09 AM
Quantas,QF410,14 Aug 2024,7:00 AM,7:39 AM
Quantas,QF410,15 Aug 2024,7:00 AM,7:16 AM
Quantas,QF410,16 Aug 2024,7:00 AM,7:09 AM
Quantas,QF410,17 Aug 2024,7:00 AM,7:06 AM
Quantas,QF410,18 Aug 2024,7:00 AM,7:04 AM
Quantas,QF410,19 Aug 2024,7:00 AM,7:28 AM
Quantas,QF410,20 Aug 2024,7:00 AM,7:13 AM
Quantas,QF410,21 Aug 2024,7:00 AM,7:05 AM
Quantas,QF410,22 Aug 2024,7:00 AM,7:16 AM
Quantas,QF410,23 Aug 2024,7:00 AM,7:19 AM
Quantas,QF410,24 Aug 2024,7:00 AM,7:05 AM
Quantas,QF410,25 Aug 2024,7:00 AM,7:10 AM
Quantas,QF410,26 Aug 2024,7:00 AM,7:28 AM
Quantas,QF410,27 Aug 2024,7:00 AM,7:35 AM
Quantas,QF410,28 Aug 2024,7:00 AM,7:10 AM
Quantas,QF410,29 Aug 2024,7:00 AM,7:15 AM
Quantas,QF410,30 Aug 2024,7:00 AM,7:00 AM
Quantas,QF410,31 Aug 2024,7:00 AM,7:15 AM
Quantas,QF414,1 Aug 2024,7:30 AM,7:56 AM
Quantas,QF414,02 Aug 2024,7:30 AM,7:53 AM
Quantas,QF414,03 Aug 2024,7:30 AM,8:02 AM
Quantas,QF414,04 Aug 2024,7:30 AM,
Quantas,QF414,05 Aug 2024,7:30 AM,7:42 AM
Quantas,QF414,06 Aug 2024,7:30 AM,7:39 AM
Quantas,QF414,07 Aug 2024,7:30 AM,7:47 AM
Quantas,QF414,08 Aug 2024,7:30 AM,7:57 AM
Quantas,QF414,09 Aug 2024,7:30 AM,7:38 AM
Quantas,QF414,10 Aug 2024,7:30 AM,7:50 AM
Quantas,QF414,11 Aug 2024,7:30 AM,
Quantas,QF414,12 Aug 2024,7:30 AM,7:58 AM
Quantas,QF414,13 Aug 2024,7:30 AM,7:41 AM
Quantas,QF414,14 Aug 2024,7:30 AM,7:56 AM
Quantas,QF414,15 Aug 2024,7:30 AM,7:50 AM
Quantas,QF414,16 Aug 2024,7:30 AM,7:49 AM
Quantas,QF414,17 Aug 2024,7:30 AM,7:45 AM
Quantas,QF414,18 Aug 2024,7:30 AM,
Quantas,QF414,19 Aug 2024,7:30 AM,
Quantas,QF414,20 Aug 2024,7:30 AM,7:48 AM
Quantas,QF414,21 Aug 2024,7:30 AM,8:02 AM
Quantas,QF414,22 Aug 2024,7:30 AM,7:43 AM
Quantas,QF414,23 Aug 2024,7:30 AM,7:45 AM
Quantas,QF414,24 Aug 2024,7:30 AM,7:44 AM
Quantas,QF414,25 Aug 2024,7:30 AM,
Quantas,QF414,26 Aug 2024,7:30 AM,7:44 AM
Quantas,QF414,27 Aug 2024,7:30 AM,7:54 AM
Quantas,QF414,28 Aug 2024,7:30 AM,7:40 AM
Quantas,QF414,29 Aug 2024,7:30 AM,7:41 AM
Quantas,QF414,30 Aug 2024,7:30 AM,7:34 AM
Quantas,QF414,31 Aug 2024,7:30 AM,
Quantas,QF418,1 Aug 2024,8:00 AM,8:36 AM
Quantas,QF418,02 Aug 2024,8:00 AM,8:07 AM
Quantas,QF418,03 Aug 2024,8:00 AM,8:12 AM
Quantas,QF418,04 Aug 2024,8:00 AM,8:12 AM
Quantas,QF418,05 Aug 2024,8:00 AM,8:11 AM
Quantas,QF418,06 Aug 2024,8:00 AM,8:06 AM
Quantas,QF418,07 Aug 2024,8:00 AM,8:06 AM
Quantas,QF418,08 Aug 2024,8:00 AM,8:16 AM
Quantas,QF418,09 Aug 2024,8:00 AM,8:18 AM
Quantas,QF418,10 Aug 2024,8:00 AM,8:09 AM
Quantas,QF418,11 Aug 2024,8:00 AM,8:05 AM
Quantas,QF418,12 Aug 2024,8:00 AM,8:17 AM
Quantas,QF418,13 Aug 2024,8:00 AM,8:17 AM
Quantas,QF418,14 Aug 2024,8:00 AM,8:14 AM
Quantas,QF418,15 Aug 2024,8:00 AM,8:39 AM
Quantas,QF418,16 Aug 2024,8:00 AM,
Quantas,QF418,17 Aug 2024,8:00 AM,9:02 AM
Quantas,QF418,18 Aug 2024,8:00 AM,8:10 AM
Quantas,QF418,19 Aug 2024,8:00 AM,8:19 AM
Quantas,QF418,20 Aug 2024,8:00 AM,
Quantas,QF418,21 Aug 2024,8:00 AM,8:13 AM
Quantas,QF418,22 Aug 2024,8:00 AM,8:13 AM
Quantas,QF418,23 Aug 2024,8:00 AM,8:28 AM
Quantas,QF418,24 Aug 2024,8:00 AM,
Quantas,QF418,25 Aug 2024,8:00 AM,8:12 AM
Quantas,QF418,26 Aug 2024,8:00 AM,8:24 AM
Quantas,QF418,27 Aug 2024,8:00 AM,8:17 AM
Quantas,QF418,28 Aug 2024,8:00 AM,8:14 AM
Quantas,QF418,29 Aug 2024,8:00 AM,8:04 AM
Quantas,QF418,30 Aug 2024,8:00 AM,8:05 AM
Quantas,QF418,31 Aug 2024,8:00 AM,8:12 AM
Quantas,QF422,1 Aug 2024,8:30 AM,8:43 AM
Quantas,QF422,02 Aug 2024,8:30 AM,8:42 AM
Quantas,QF422,03 Aug 2024,8:30 AM,8:59 AM
Quantas,QF422,04 Aug 2024,8:30 AM,8:38 AM
Quantas,QF422,05 Aug 2024,8:30 AM,8:41 AM
Quantas,QF422,06 Aug 2024,8:30 AM,8:41 AM
Quantas,QF422,07 Aug 2024,8:30 AM,8:48 AM
Quantas,QF422,08 Aug 2024,8:30 AM,8:45 AM
Quantas,QF422,09 Aug 2024,8:30 AM,8:44 AM
Quantas,QF422,10 Aug 2024,8:30 AM,9:08 AM
Quantas,QF422,11 Aug 2024,8:30 AM,8:34 AM
Quantas,QF422,12 Aug 2024,8:30 AM,8:42 AM
Quantas,QF422,13 Aug 2024,8:30 AM,8:54 AM
Quantas,QF422,14 Aug 2024,8:30 AM,8:44 AM
Quantas,QF422,15 Aug 2024,8:30 AM,9:10 AM
Quantas,QF422,16 Aug 2024,8:30 AM,8:45 AM
Quantas,QF422,17 Aug 2024,8:30 AM,8:52 AM
Quantas,QF422,18 Aug 2024,8:30 AM,8:38 AM
Quantas,QF422,19 Aug 2024,8:30 AM,
Quantas,QF422,20 Aug 2024,8:30 AM,
Quantas,QF422,21 Aug 2024,8:30 AM,8:48 AM
Quantas,QF422,22 Aug 2024,8:30 AM,8:55 AM
Quantas,QF422,23 Aug 2024,8:30 AM,8:36 AM
Quantas,QF422,24 Aug 2024,8:30 AM,8:43 AM
Quantas,QF422,25 Aug 2024,8:30 AM,8:36 AM
Quantas,QF422,26 Aug 2024,8:30 AM,8:33 AM
Quantas,QF422,27 Aug 2024,8:30 AM,8:47 AM
Quantas,QF422,28 Aug 2024,8:30 AM,9:25 AM
Quantas,QF422,29 Aug 2024,8:30 AM,8:52 AM
Quantas,QF422,30 Aug 2024,8:30 AM,8:41 AM
Quantas,QF422,31 Aug 2024,8:30 AM,8:43 AM
Quantas,QF426,1 Aug 2024,9:00 AM,9:10 AM
Quantas,QF426,02 Aug 2024,9:00 AM,9:23 AM
Quantas,QF426,03 Aug 2024,9:00 AM,9:18 AM
Quantas,QF426,04 Aug 2024,9:00 AM,9:15 AM
Quantas,QF426,05 Aug 2024,9:00 AM,9:17 AM
Quantas,QF426,06 Aug 2024,9:00 AM,9:25 AM
Quantas,QF426,07 Aug 2024,9:00 AM,9:18 AM
Quantas,QF426,08 Aug 2024,9:00 AM,9:15 AM
Quantas,QF426,09 Aug 2024,9:00 AM,9:21 AM
Quantas,QF426,10 Aug 2024,9:00 AM,9:05 AM
Quantas,QF426,11 Aug 2024,9:00 AM,9:04 AM
Quantas,QF426,12 Aug 2024,9:00 AM,
Quantas,QF426,13 Aug 2024,9:00 AM,
Quantas,QF426,14 Aug 2024,9:00 AM,9:16 AM
Quantas,QF426,15 Aug 2024,9:00 AM,9:26 AM
Quantas,QF426,16 Aug 2024,9:00 AM,9:56 AM
Quantas,QF426,17 Aug 2024,9:00 AM,
Quantas,QF426,18 Aug 2024,9:00 AM,9:05 AM
Quantas,QF426,19 Aug 2024,9:00 AM,9:19 AM
Quantas,QF426,20 Aug 2024,9:00 AM,9:37 AM
Quantas,QF426,21 Aug 2024,9:00 AM,9:13 AM
Quantas,QF426,22 Aug 2024,9:00 AM,9:17 AM
Quantas,QF426,23 Aug 2024,9:00 AM,
Quantas,QF426,24 Aug 2024,9:00 AM,9:18 AM
Quantas,QF426,25 Aug 2024,9:00 AM,9:14 AM
Quantas,QF426,26 Aug 2024,9:00 AM,10:25 AM
Quantas,QF426,27 Aug 2024,9:00 AM,9:21 AM
Quantas,QF426,28 Aug 2024,9:00 AM,9:31 AM
Quantas,QF426,29 Aug 2024,9:00 AM,9:15 AM
Quantas,QF426,30 Aug 2024,9:00 AM,9:30 AM
Quantas,QF426,31 Aug 2024,9:00 AM,9:10 AM
Quantas,QF430,1 Aug 2024,9:30 AM,9:59 AM
Quantas,QF430,02 Aug 2024,9:30 AM,10:03 AM
Quantas,QF430,03 Aug 2024,9:30 AM,9:51 AM
Quantas,QF430,04 Aug 2024,9:30 AM,9:38 AM
Quantas,QF430,05 Aug 2024,9:30 AM,
Quantas,QF430,06 Aug 2024,9:30 AM,9:55 AM
Quantas,QF430,07 Aug 2024,9:30 AM,9:44 AM
Quantas,QF430,08 Aug 2024,9:30 AM,9:45 AM
Quantas,QF430,09 Aug 2024,9:30 AM,9:57 AM
Quantas,QF430,10 Aug 2024,9:30 AM,9:44 AM
Quantas,QF430,11 Aug 2024,9:30 AM,9:53 AM
Quantas,QF430,12 Aug 2024,9:30 AM,9:56 AM
Quantas,QF430,13 Aug 2024,9:30 AM,10:12 AM
Quantas,QF430,14 Aug 2024,9:30 AM,
Quantas,QF430,15 Aug 2024,9:30 AM,10:20 AM
Quantas,QF430,16 Aug 2024,9:30 AM,10:04 AM
Quantas,QF430,17 Aug 2024,9:30 AM,9:43 AM
Quantas,QF430,18 Aug 2024,9:30 AM,9:41 AM
Quantas,QF430,19 Aug 2024,9:30 AM,9:51 AM
Quantas,QF430,20 Aug 2024,9:30 AM,10:15 AM
Quantas,QF430,21 Aug 2024,9:30 AM,9:47 AM
Quantas,QF430,22 Aug 2024,9:30 AM,9:55 AM
Quantas,QF430,23 Aug 2024,9:30 AM,9:59 AM
Quantas,QF430,24 Aug 2024,9:30 AM,
Quantas,QF430,25 Aug 2024,9:30 AM,9:46 AM
Quantas,QF430,26 Aug 2024,9:30 AM,
Quantas,QF430,27 Aug 2024,9:30 AM,9:57 AM
Quantas,QF430,28 Aug 2024,9:30 AM,9:50 AM
Quantas,QF430,29 Aug 2024,9:30 AM,10:06 AM
Quantas,QF430,30 Aug 2024,9:30 AM,9:39 AM
Quantas,QF430,31 Aug 2024,9:30 AM,9:43 AM
Quantas,QF432,1 Aug 2024,10:00 AM,10:17 AM
Quantas,QF432,02 Aug 2024,10:00 AM,10:48 AM
Quantas,QF432,03 Aug 2024,10:00 AM,10:23 AM
Quantas,QF432,04 Aug 2024,10:00 AM,10:17 AM
Quantas,QF432,05 Aug 2024,10:00 AM,10:16 AM
Quantas,QF432,06 Aug 2024,10:00 AM,10:15 AM
Quantas,QF432,07 Aug 2024,10:00 AM,10:07 AM
Quantas,QF432,08 Aug 2024,10:00 AM,10:13 AM
Quantas,QF432,09 Aug 2024,10:00 AM,10:14 AM
Quantas,QF432,10 Aug 2024,10:00 AM,10:13 AM
Quantas,QF432,11 Aug 2024,10:00 AM,10:14 AM
Quantas,QF432,12 Aug 2024,10:00 AM,10:10 AM
Quantas,QF432,13 Aug 2024,10:00 AM,10:41 AM
Quantas,QF432,14 Aug 2024,10:00 AM,10:12 AM
Quantas,QF432,15 Aug 2024,10:00 AM,10:29 AM
Quantas,QF432,16 Aug 2024,10:00 AM,
Quantas,QF432,17 Aug 2024,10:00 AM,10:13 AM
Quantas,QF432,18 Aug 2024,10:00 AM,10:09 AM
Quantas,QF432,19 Aug 2024,10:00 AM,10:20 AM
Quantas,QF432,20 Aug 2024,10:00 AM,
Quantas,QF432,21 Aug 2024,10:00 AM,10:57 AM
Quantas,QF432,22 Aug 2024,10:00 AM,10:18 AM
Quantas,QF432,23 Aug 2024,10:00 AM,10:22 AM
Quantas,QF432,24 Aug 2024,10:00 AM,10:17 AM
Quantas,QF432,25 Aug 2024,10:00 AM,10:07 AM
Quantas,QF432,26 Aug 2024,10:00 AM,10:17 AM
Quantas,QF432,27 Aug 2024,10:00 AM,
Quantas,QF432,28 Aug 2024,10:00 AM,10:14 AM
Quantas,QF432,29 Aug 2024,10:00 AM,10:27 AM
Quantas,QF432,30 Aug 2024,10:00 AM,10:23 AM
Quantas,QF432,31 Aug 2024,10:00 AM,10:10 AM
Quantas,QF436,1 Aug 2024,11:00 AM,11:18 AM
Quantas,QF436,02 Aug 2024,11:00 AM,11:20 AM
Quantas,QF436,03 Aug 2024,11:00 AM,11:13 AM
Quantas,QF436,04 Aug 2024,11:00 AM,11:10 AM
Quantas,QF436,05 Aug 2024,11:00 AM,11:17 AM
Quantas,QF436,06 Aug 2024,11:00 AM,11:17 AM
Quantas,QF436,07 Aug 2024,11:00 AM,11:26 AM
Quantas,QF436,08 Aug 2024,11:00 AM,11:26 AM
Quantas,QF436,09 Aug 2024,11:00 AM,11:13 AM
Quantas,QF436,10 Aug 2024,11:00 AM,11:11 AM
Quantas,QF436,11 Aug 2024,11:00 AM,11:06 AM
Quantas,QF436,12 Aug 2024,11:00 AM,11:08 AM
Quantas,QF436,13 Aug 2024,11:00 AM,11:23 AM
Quantas,QF436,14 Aug 2024,11:00 AM,11:12 AM
Quantas,QF436,15 Aug 2024,11:00 AM,11:22 AM
Quantas,QF436,16 Aug 2024,11:00 AM,11:22 AM
Quantas,QF436,17 Aug 2024,11:00 AM,11:12 AM
Quantas,QF436,18 Aug 2024,11:00 AM,11:03 AM
Quantas,QF436,19 Aug 2024,11:00 AM,11:12 AM
Quantas,QF436,20 Aug 2024,11:00 AM,11:33 AM
Quantas,QF436,21 Aug 2024,11:00 AM,11:14 AM
Quantas,QF436,22 Aug 2024,11:00 AM,11:16 AM
Quantas,QF436,23 Aug 2024,11:00 AM,11:18 AM
Quantas,QF436,24 Aug 2024,11:00 AM,11:12 AM
Quantas,QF436,25 Aug 2024,11:00 AM,11:14 AM
Quantas,QF436,26 Aug 2024,11:00 AM,11:58 AM
Quantas,QF436,27 Aug 2024,11:00 AM,11:12 AM
Quantas,QF436,28 Aug 2024,11:00 AM,11:18 AM
Quantas,QF436,29 Aug 2024,11:00 AM,11:12 AM
Quantas,QF436,30 Aug 2024,11:00 AM,11:09 AM
Quantas,QF436,31 Aug 2024,11:00 AM,11:15 AM
Quantas,QF498,1 Aug 2024,9:00 PM,9:31 PM
Quantas,QF498,02 Aug 2024,9:00 PM,9:27 PM
Quantas,QF498,03 Aug 2024,9:00 PM,9:07 PM
Quantas,QF498,04 Aug 2024,9:00 PM,9:19 PM
Quantas,QF498,05 Aug 2024,9:00 PM,9:11 PM
Quantas,QF498,06 Aug 2024,9:00 PM,9:13 PM
Quantas,QF498,07 Aug 2024,9:00 PM,9:36 PM
Quantas,QF498,08 Aug 2024,9:00 PM,9:34 PM
Quantas,QF498,09 Aug 2024,9:00 PM,9:24 PM
Quantas,QF498,10 Aug 2024,9:00 PM,9:03 PM
Quantas,QF498,11 Aug 2024,9:00 PM,9:10 PM
Quantas,QF498,12 Aug 2024,9:00 PM,9:16 PM
Quantas,QF498,13 Aug 2024,9:00 PM,9:09 PM
Quantas,QF498,14 Aug 2024,9:00 PM,9:21 PM
Quantas,QF498,15 Aug 2024,9:00 PM,9:07 PM
Quantas,QF498,16 Aug 2024,9:00 PM,9:37 PM
Quantas,QF498,17 Aug 2024,9:00 PM,9:04 PM
Quantas,QF498,18 Aug 2024,9:00 PM,
Quantas,QF498,19 Aug 2024,9:00 PM,9:44 PM
Quantas,QF498,20 Aug 2024,9:00 PM,9:25 PM
Quantas,QF498,21 Aug 2024,9:00 PM,9:31 PM
Quantas,QF498,22 Aug 2024,9:00 PM,9:13 PM
Quantas,QF498,23 Aug 2024,9:00 PM,9:21 PM
Quantas,QF498,24 Aug 2024,9:00 PM,9:04 PM
Quantas,QF498,25 Aug 2024,9:00 PM,9:58 PM
Quantas,QF498,26 Aug 2024,9:00 PM,9:21 PM
Quantas,QF498,27 Aug 2024,9:00 PM,9:33 PM
Quantas,QF498,28 Aug 2024,9:00 PM,9:52 PM
Quantas,QF498,29 Aug 2024,9:00 PM,9:11 PM
Quantas,QF498,30 Aug 2024,9:00 PM,9:28 PM
Quantas,QF498,31 Aug 2024,9:00 PM,9:01 PM
Quantas,QF472,1 Aug 2024,6:10 PM,6:24 PM
Quantas,QF472,02 Aug 2024,5:15 PM,5:25 PM
Quantas,QF472,03 Aug 2024,,
Quantas,QF472,04 Aug 2024,5:15 PM,5:46 PM
Quantas,QF472,05 Aug 2024,5:15 PM,5:18 PM
Quantas,QF472,06 Aug 2024,5:15 PM,5:23 PM
Quantas,QF472,07 Aug 2024,5:15 PM,5:27 PM
Quantas,QF472,08 Aug 2024,6:10 PM,6:28 PM
Quantas,QF472,09 Aug 2024,5:15 PM,5:24 PM
Quantas,QF472,10 Aug 2024,,
Quantas,QF472,11 Aug 2024,5:15 PM,5:36 PM
Quantas,QF472,12 Aug 2024,5:15 PM,5:32 PM
Quantas,QF472,13 Aug 2024,5:15 PM,5:20 PM
Quantas,QF472,14 Aug 2024,5:15 PM,5:23 PM
Quantas,QF472,15 Aug 2024,6:10 PM,6:51 PM
Quantas,QF472,16 Aug 2024,5:15 PM,5:23 PM
Quantas,QF472,17 Aug 2024,,
Quantas,QF472,18 Aug 2024,5:15 PM,6:31 PM
Quantas,QF472,19 Aug 2024,5:15 PM,5:48 PM
Quantas,QF472,20 Aug 2024,5:15 PM,5:25 PM
Quantas,QF472,21 Aug 2024,5:15 PM,5:46 PM
Quantas,QF472,22 Aug 2024,6:10 PM,6:22 PM
Quantas,QF472,23 Aug 2024,5:15 PM,5:51 PM
Quantas,QF472,24 Aug 2024,,
Quantas,QF472,25 Aug 2024,5:15 PM,5:26 PM
Quantas,QF472,26 Aug 2024,5:15 PM,5:36 PM
Quantas,QF472,27 Aug 2024,,
Quantas,QF472,28 Aug 2024,5:15 PM,6:29 PM
Quantas,QF472,29 Aug 2024,6:10 PM,6:38 PM
Quantas,QF472,30 Aug 2024,5:15 PM,5:28 PM
Quantas,QF472,31 Aug 2024,,
Quantas,QF478,1 Aug 2024,6:00 PM,6:14 PM
Quantas,QF478,02 Aug 2024,6:00 PM,6:46 PM
Quantas,QF478,03 Aug 2024,6:00 PM,6:04 PM
Quantas,QF478,04 Aug 2024,6:00 PM,7:02 PM
Quantas,QF478,05 Aug 2024,6:00 PM,6:43 PM
Quantas,QF478,06 Aug 2024,6:00 PM,6:03 PM
Quantas,QF478,07 Aug 2024,6:00 PM,6:16 PM
Quantas,QF478,08 Aug 2024,6:00 PM,6:37 PM
Quantas,QF478,09 Aug 2024,6:00 PM,6:20 PM
Quantas,QF478,10 Aug 2024,6:00 PM,6:02 PM
Quantas,QF478,11 Aug 2024,6:00 PM,6:44 PM
Quantas,QF478,12 Aug 2024,6:00 PM,6:16 PM
Quantas,QF478,13 Aug 2024,6:00 PM,6:10 PM
Quantas,QF478,14 Aug 2024,6:00 PM,6:13 PM
Quantas,QF478,15 Aug 2024,6:00 PM,6:22 PM
Quantas,QF478,16 Aug 2024,6:00 PM,8:42 PM
Quantas,QF478,17 Aug 2024,6:00 PM,7:29 PM
Quantas,QF478,18 Aug 2024,6:00 PM,6:42 PM
Quantas,QF478,19 Aug 2024,6:00 PM,6:11 PM
Quantas,QF478,20 Aug 2024,6:00 PM,6:37 PM
Quantas,QF478,21 Aug 2024,6:00 PM,6:16 PM
Quantas,QF478,22 Aug 2024,6:00 PM,6:36 PM
Quantas,QF478,23 Aug 2024,6:00 PM,6:17 PM
Quantas,QF478,24 Aug 2024,6:00 PM,6:12 PM
Quantas,QF478,25 Aug 2024,6:00 PM,8:33 PM
Quantas,QF478,26 Aug 2024,6:00 PM,6:06 PM
Quantas,QF478,27 Aug 2024,6:00 PM,6:10 PM
Quantas,QF478,28 Aug 2024,6:00 PM,
Quantas,QF478,29 Aug 2024,6:00 PM,6:20 PM
Quantas,QF478,30 Aug 2024,6:00 PM,6:55 PM
Quantas,QF478,31 Aug 2024,6:00 PM,6:12 PM
Quantas,QF470,1 Aug 2024,5:00 PM,5:54 PM
Quantas,QF470,02 Aug 2024,5:00 PM,5:09 PM
Quantas,QF470,03 Aug 2024,5:00 PM,5:21 PM
Quantas,QF470,04 Aug 2024,5:00 PM,5:07 PM
Quantas,QF470,05 Aug 2024,5:00 PM,5:05 PM
Quantas,QF470,06 Aug 2024,5:00 PM,5:08 PM
Quantas,QF470,07 Aug 2024,5:00 PM,5:14 PM
Quantas,QF470,08 Aug 2024,5:00 PM,5:13 PM
Quantas,QF470,09 Aug 2024,5:00 PM,5:40 PM
Quantas,QF470,10 Aug 2024,5:00 PM,5:03 PM
Quantas,QF470,11 Aug 2024,5:00 PM,5:06 PM
Quantas,QF470,12 Aug 2024,5:00 PM,5:14 PM
Quantas,QF470,13 Aug 2024,5:00 PM,5:29 PM
Quantas,QF470,14 Aug 2024,5:00 PM,5:14 PM
Quantas,QF470,15 Aug 2024,5:00 PM,5:34 PM
Quantas,QF470,16 Aug 2024,5:00 PM,5:09 PM
Quantas,QF470,17 Aug 2024,5:00 PM,5:04 PM
Quantas,QF470,18 Aug 2024,5:00 PM,6:15 PM
Quantas,QF470,19 Aug 2024,5:00 PM,5:30 PM
Quantas,QF470,20 Aug 2024,5:00 PM,5:09 PM
Quantas,QF470,21 Aug 2024,5:00 PM,5:15 PM
Quantas,QF470,22 Aug 2024,5:00 PM,
Quantas,QF470,23 Aug 2024,5:00 PM,5:43 PM
Quantas,QF470,24 Aug 2024,5:00 PM,5:05 PM
Quantas,QF470,25 Aug 2024,5:00 PM,7:01 PM
Quantas,QF470,26 Aug 2024,5:00 PM,5:06 PM
Quantas,QF470,27 Aug 2024,5:00 PM,5:07 PM
Quantas,QF470,28 Aug 2024,5:00 PM,6:40 PM
Quantas,QF470,29 Aug 2024,5:00 PM,
Quantas,QF470,30 Aug 2024,5:00 PM,5:59 PM
Quantas,QF470,31 Aug 2024,5:00 PM,6:31 PM
Quantas,QF466,1 Aug 2024,4:30 PM,4:55 PM
Quantas,QF466,02 Aug 2024,4:30 PM,4:44 PM
Quantas,QF466,03 Aug 2024,,
Quantas,QF466,04 Aug 2024,4:30 PM,4:39 PM
Quantas,QF466,05 Aug 2024,4:30 PM,4:37 PM
Quantas,QF466,06 Aug 2024,4:30 PM,4:58 PM
Quantas,QF466,07 Aug 2024,4:30 PM,4:40 PM
Quantas,QF466,08 Aug 2024,4:30 PM,4:57 PM
Quantas,QF466,09 Aug 2024,4:30 PM,4:40 PM
Quantas,QF466,10 Aug 2024,,
Quantas,QF466,11 Aug 2024,4:30 PM,4:51 PM
Quantas,QF466,12 Aug 2024,4:30 PM,5:16 PM
Quantas,QF466,13 Aug 2024,4:30 PM,4:43 PM
Quantas,QF466,14 Aug 2024,4:30 PM,4:59 PM
Quantas,QF466,15 Aug 2024,4:30 PM,4:59 PM
Quantas,QF466,16 Aug 2024,4:10 PM,4:44 PM
Quantas,QF466,17 Aug 2024,,
Quantas,QF466,18 Aug 2024,4:30 PM,5:48 PM
Quantas,QF466,19 Aug 2024,,
Quantas,QF466,20 Aug 2024,4:30 PM,4:44 PM
Quantas,QF466,21 Aug 2024,4:30 PM,4:53 PM
Quantas,QF466,22 Aug 2024,4:30 PM,4:49 PM
Quantas,QF466,23 Aug 2024,4:10 PM,4:24 PM
Quantas,QF466,24 Aug 2024,,
Quantas,QF466,25 Aug 2024,4:30 PM,5:18 PM
Quantas,QF466,26 Aug 2024,4:30 PM,4:48 PM
Quantas,QF466,27 Aug 2024,,
Quantas,QF466,28 Aug 2024,4:30 PM,5:10 PM
Quantas,QF466,29 Aug 2024,4:30 PM,4:59 PM
Quantas,QF466,30 Aug 2024,4:10 PM,4:31 PM
Quantas,QF466,31 Aug 2024,,
Quantas,QF464,1 Aug 2024,4:15 PM,4:40 PM
Quantas,QF464,02 Aug 2024,4:15 PM,4:58 PM
Quantas,QF464,03 Aug 2024,4:15 PM,
Quantas,QF464,04 Aug 2024,4:15 PM,4:41 PM
Quantas,QF464,05 Aug 2024,4:15 PM,4:41 PM
Quantas,QF464,06 Aug 2024,4:15 PM,4:41 PM
Quantas,QF464,07 Aug 2024,4:15 PM,4:33 PM
Quantas,QF464,08 Aug 2024,4:15 PM,4:35 PM
Quantas,QF464,09 Aug 2024,4:15 PM,4:36 PM
Quantas,QF464,10 Aug 2024,4:15 PM,
Quantas,QF464,11 Aug 2024,4:15 PM,4:29 PM
Quantas,QF464,12 Aug 2024,4:15 PM,4:23 PM
Quantas,QF464,13 Aug 2024,4:15 PM,4:36 PM
Quantas,QF464,14 Aug 2024,4:15 PM,4:43 PM
Quantas,QF464,15 Aug 2024,4:15 PM,4:27 PM
Quantas,QF464,16 Aug 2024,4:15 PM,4:38 PM
Quantas,QF464,17 Aug 2024,4:15 PM,
Quantas,QF464,18 Aug 2024,4:15 PM,4:51 PM
Quantas,QF464,19 Aug 2024,4:15 PM,4:45 PM
Quantas,QF464,20 Aug 2024,4:15 PM,4:41 PM
Quantas,QF464,21 Aug 2024,4:15 PM,
Quantas,QF464,22 Aug 2024,4:15 PM,4:40 PM
Quantas,QF464,23 Aug 2024,4:15 PM,4:37 PM
Quantas,QF464,24 Aug 2024,4:15 PM,
Quantas,QF464,25 Aug 2024,4:15 PM,4:51 PM
Quantas,QF464,26 Aug 2024,4:15 PM,4:58 PM
Quantas,QF464,27 Aug 2024,4:15 PM,4:46 PM
Quantas,QF464,28 Aug 2024,4:15 PM,5:16 PM
Quantas,QF464,29 Aug 2024,4:15 PM,4:56 PM
Quantas,QF464,30 Aug 2024,4:35 PM,5:00 PM
Quantas,QF464,31 Aug 2024,4:15 PM,
Quantas,QF462,1 Aug 2024,3:55 PM,4:06 PM
Quantas,QF462,02 Aug 2024,3:55 PM,4:11 PM
Quantas,QF462,03 Aug 2024,4:00 PM,4:03 PM
Quantas,QF462,04 Aug 2024,4:00 PM,4:09 PM
Quantas,QF462,05 Aug 2024,3:55 PM,4:14 PM
Quantas,QF462,06 Aug 2024,3:55 PM,4:09 PM
Quantas,QF462,07 Aug 2024,4:00 PM,4:13 PM
Quantas,QF462,08 Aug 2024,3:55 PM,4:27 PM
Quantas,QF462,09 Aug 2024,,
Quantas,QF462,10 Aug 2024,4:00 PM,4:00 PM
Quantas,QF462,11 Aug 2024,4:00 PM,4:17 PM
Quantas,QF462,12 Aug 2024,3:55 PM,4:15 PM
Quantas,QF462,13 Aug 2024,3:55 PM,4:39 PM
Quantas,QF462,14 Aug 2024,4:00 PM,4:25 PM
Quantas,QF462,15 Aug 2024,3:55 PM,4:25 PM
Quantas,QF462,16 Aug 2024,3:55 PM,4:00 PM
Quantas,QF462,17 Aug 2024,4:00 PM,4:14 PM
Quantas,QF462,18 Aug 2024,4:00 PM,4:07 PM
Quantas,QF462,19 Aug 2024,3:55 PM,4:34 PM
Quantas,QF462,20 Aug 2024,,
Quantas,QF462,21 Aug 2024,4:00 PM,4:15 PM
Quantas,QF462,22 Aug 2024,3:55 PM,4:30 PM
Quantas,QF462,23 Aug 2024,,
Quantas,QF462,24 Aug 2024,4:00 PM,4:07 PM
Quantas,QF462,25 Aug 2024,4:00 PM,4:41 PM
Quantas,QF462,26 Aug 2024,,
Quantas,QF462,27 Aug 2024,3:55 PM,4:12 PM
Quantas,QF462,28 Aug 2024,4:00 PM,4:48 PM
Quantas,QF462,29 Aug 2024,3:55 PM,4:44 PM
Quantas,QF462,30 Aug 2024,3:55 PM,4:19 PM
Quantas,QF462,31 Aug 2024,4:00 PM,4:20 PM
Quantas,QF454,1 Aug 2024,3:00 PM,3:17 PM
Quantas,QF454,02 Aug 2024,3:00 PM,3:11 PM
Quantas,QF454,03 Aug 2024,3:00 PM,3:06 PM
Quantas,QF454,04 Aug 2024,3:00 PM,4:26 PM
Quantas,QF454,05 Aug 2024,3:00 PM,3:27 PM
Quantas,QF454,06 Aug 2024,3:00 PM,3:06 PM
Quantas,QF454,07 Aug 2024,3:00 PM,3:15 PM
Quantas,QF454,08 Aug 2024,3:00 PM,3:13 PM
Quantas,QF454,09 Aug 2024,3:00 PM,3:24 PM
Quantas,QF454,10 Aug 2024,3:00 PM,3:00 PM
Quantas,QF454,11 Aug 2024,3:00 PM,3:17 PM
Quantas,QF454,12 Aug 2024,3:00 PM,
Quantas,QF454,13 Aug 2024,3:00 PM,3:39 PM
Quantas,QF454,14 Aug 2024,3:00 PM,3:23 PM
Quantas,QF454,15 Aug 2024,3:00 PM,3:19 PM
Quantas,QF454,16 Aug 2024,3:00 PM,3:18 PM
Quantas,QF454,17 Aug 2024,3:00 PM,
Quantas,QF454,18 Aug 2024,3:00 PM,3:15 PM
Quantas,QF454,19 Aug 2024,3:00 PM,
Quantas,QF454,20 Aug 2024,3:00 PM,3:19 PM
Quantas,QF454,21 Aug 2024,3:00 PM,3:30 PM
Quantas,QF454,22 Aug 2024,3:00 PM,3:10 PM
Quantas,QF454,23 Aug 2024,3:00 PM,3:17 PM
Quantas,QF454,24 Aug 2024,3:00 PM,3:13 PM
Quantas,QF454,25 Aug 2024,3:00 PM,3:34 PM
Quantas,QF454,26 Aug 2024,3:00 PM,3:13 PM
Quantas,QF454,27 Aug 2024,3:00 PM,3:11 PM
Quantas,QF454,28 Aug 2024,3:00 PM,3:34 PM
Quantas,QF454,29 Aug 2024,3:00 PM,3:16 PM
Quantas,QF454,30 Aug 2024,3:00 PM,3:14 PM
Quantas,QF454,31 Aug 2024,3:00 PM,3:10 PM
Quantas,QF448,1 Aug 2024,2:00 PM,2:23 PM
Quantas,QF448,02 Aug 2024,2:00 PM,2:17 PM
Quantas,QF448,03 Aug 2024,2:00 PM,2:25 PM
Quantas,QF448,04 Aug 2024,2:00 PM,2:06 PM
Quantas,QF448,05 Aug 2024,2:00 PM,2:09 PM
Quantas,QF448,06 Aug 2024,2:00 PM,2:12 PM
Quantas,QF448,07 Aug 2024,2:00 PM,
Quantas,QF448,08 Aug 2024,2:00 PM,2:15 PM
Quantas,QF448,09 Aug 2024,2:00 PM,2:06 PM
Quantas,QF448,10 Aug 2024,2:00 PM,2:12 PM
Quantas,QF448,11 Aug 2024,2:00 PM,
Quantas,QF448,12 Aug 2024,2:00 PM,2:17 PM
Quantas,QF448,13 Aug 2024,2:00 PM,2:16 PM
Quantas,QF448,14 Aug 2024,2:00 PM,2:26 PM
Quantas,QF448,15 Aug 2024,2:00 PM,2:35 PM
Quantas,QF448,16 Aug 2024,2:00 PM,2:10 PM
Quantas,QF448,17 Aug 2024,2:00 PM,2:16 PM
Quantas,QF448,18 Aug 2024,2:00 PM,2:09 PM
Quantas,QF448,19 Aug 2024,2:00 PM,2:35 PM
Quantas,QF448,20 Aug 2024,2:00 PM,
Quantas,QF448,21 Aug 2024,2:00 PM,2:10 PM
Quantas,QF448,22 Aug 2024,2:00 PM,
Quantas,QF448,23 Aug 2024,2:00 PM,
Quantas,QF448,24 Aug 2024,2:00 PM,2:14 PM
Quantas,QF448,25 Aug 2024,2:00 PM,
Quantas,QF448,26 Aug 2024,2:00 PM,2:55 PM
Quantas,QF448,27 Aug 2024,2:00 PM,2:22 PM
Quantas,QF448,28 Aug 2024,2:00 PM,2:45 PM
Quantas,QF448,29 Aug 2024,2:00 PM,2:09 PM
Quantas,QF448,30 Aug 2024,2:00 PM,2:06 PM
Quantas,QF448,31 Aug 2024,2:00 PM,2:03 PM
Quantas,QF444,1 Aug 2024,1:00 PM,1:31 PM
Quantas,QF444,02 Aug 2024,1:00 PM,1:11 PM
Quantas,QF444,03 Aug 2024,1:00 PM,1:09 PM
Quantas,QF444,04 Aug 2024,1:00 PM,2:07 PM
Quantas,QF444,05 Aug 2024,1:00 PM,1:01 PM
Quantas,QF444,06 Aug 2024,1:00 PM,1:17 PM
Quantas,QF444,07 Aug 2024,1:00 PM,1:12 PM
Quantas,QF444,08 Aug 2024,1:00 PM,1:23 PM
Quantas,QF444,09 Aug 2024,1:00 PM,1:21 PM
Quantas,QF444,10 Aug 2024,1:00 PM,1:06 PM
Quantas,QF444,11 Aug 2024,1:00 PM,1:07 PM
Quantas,QF444,12 Aug 2024,1:00 PM,1:19 PM
Quantas,QF444,13 Aug 2024,1:00 PM,1:27 PM
Quantas,QF444,14 Aug 2024,1:00 PM,1:28 PM
Quantas,QF444,15 Aug 2024,1:00 PM,
Quantas,QF444,16 Aug 2024,1:00 PM,1:12 PM
Quantas,QF444,17 Aug 2024,1:00 PM,1:26 PM
Quantas,QF444,18 Aug 2024,1:00 PM,1:26 PM
Quantas,QF444,19 Aug 2024,1:00 PM,1:11 PM
Quantas,QF444,20 Aug 2024,1:00 PM,1:24 PM
Quantas,QF444,21 Aug 2024,1:00 PM,1:10 PM
Quantas,QF444,22 Aug 2024,1:00 PM,1:20 PM
Quantas,QF444,23 Aug 2024,1:00 PM,1:22 PM
Quantas,QF444,24 Aug 2024,1:00 PM,1:05 PM
Quantas,QF444,25 Aug 2024,1:00 PM,1:24 PM
Quantas,QF444,26 Aug 2024,1:00 PM,1:11 PM
Quantas,QF444,27 Aug 2024,1:00 PM,1:11 PM
Quantas,QF444,28 Aug 2024,1:00 PM,1:22 PM
Quantas,QF444,29 Aug 2024,1:00 PM,1:42 PM
Quantas,QF444,30 Aug 2024,1:00 PM,1:27 PM
Quantas,QF444,31 Aug 2024,1:00 PM,1:16 PM
Quantas,QF440,1 Aug 2024,12:00 PM,
Quantas,QF440,02 Aug 2024,12:00 PM,12:21 PM
Quantas,QF440,03 Aug 2024,12:00 PM,12:52 PM
Quantas,QF440,04 Aug 2024,12:00 PM,
Quantas,QF440,05 Aug 2024,12:00 PM,12:23 PM
Quantas,QF440,06 Aug 2024,12:00 PM,12:27 PM
Quantas,QF440,07 Aug 2024,12:00 PM,12:41 PM
Quantas,QF440,08 Aug 2024,12:00 PM,12:27 PM
Quantas,QF440,09 Aug 2024,12:00 PM,12:20 PM
Quantas,QF440,10 Aug 2024,12:00 PM,12:34 PM
Quantas,QF440,11 Aug 2024,12:00 PM,
Quantas,QF440,12 Aug 2024,12:00 PM,12:20 PM
Quantas,QF440,13 Aug 2024,12:00 PM,12:08 PM
Quantas,QF440,14 Aug 2024,12:00 PM,12:42 PM
Quantas,QF440,15 Aug 2024,12:00 PM,12:26 PM
Quantas,QF440,16 Aug 2024,12:00 PM,12:41 PM
Quantas,QF440,17 Aug 2024,12:00 PM,12:45 PM
Quantas,QF440,18 Aug 2024,12:00 PM,
Quantas,QF440,19 Aug 2024,12:00 PM,12:43 PM
Quantas,QF440,20 Aug 2024,12:00 PM,12:31 PM
Quantas,QF440,21 Aug 2024,12:00 PM,12:20 PM
Quantas,QF440,22 Aug 2024,12:00 PM,
Quantas,QF440,23 Aug 2024,12:00 PM,12:49 PM
Quantas,QF440,24 Aug 2024,12:00 PM,12:39 PM
Quantas,QF440,25 Aug 2024,12:00 PM,12:13 PM
Quantas,QF440,26 Aug 2024,12:00 PM,12:43 PM
Quantas,QF440,27 Aug 2024,12:00 PM,12:18 PM
Quantas,QF440,28 Aug 2024,12:00 PM,12:25 PM
Quantas,QF440,29 Aug 2024,12:00 PM,12:45 PM
Quantas,QF440,30 Aug 2024,12:00 PM,12:15 PM
Quantas,QF440,31 Aug 2024,12:00 PM,12:20 PM
Virgin Australia,VA803,1 Aug 2024,6:00 AM,6:22 AM
Virgin Australia,VA803,02 Aug 2024,6:00 AM,6:12 AM
Virgin Australia,VA803,03 Aug 2024,6:00 AM,6:08 AM
Virgin Australia,VA803,04 Aug 2024,6:00 AM,
Virgin Australia,VA803,05 Aug 2024,6:00 AM,6:19 AM
Virgin Australia,VA803,06 Aug 2024,6:00 AM,6:23 AM
Virgin Australia,VA803,07 Aug 2024,6:00 AM,6:06 AM
Virgin Australia,VA803,08 Aug 2024,6:00 AM,6:09 AM
Virgin Australia,VA803,09 Aug 2024,6:00 AM,7:02 AM
Virgin Australia,VA803,10 Aug 2024,6:00 AM,6:32 AM
Virgin Australia,VA803,11 Aug 2024,6:00 AM,
Virgin Australia,VA803,12 Aug 2024,6:00 AM,6:13 AM
Virgin Australia,VA803,13 Aug 2024,6:00 AM,6:13 AM
Virgin Australia,VA803,14 Aug 2024,6:00 AM,8:17 AM
Virgin Australia,VA803,15 Aug 2024,6:00 AM,6:07 AM
Virgin Australia,VA803,16 Aug 2024,6:00 AM,6:14 AM
Virgin Australia,VA803,17 Aug 2024,6:00 AM,6:27 AM
Virgin Australia,VA803,18 Aug 2024,6:00 AM,
Virgin Australia,VA803,19 Aug 2024,6:00 AM,6:15 AM
Virgin Australia,VA803,20 Aug 2024,6:00 AM,6:18 AM
Virgin Australia,VA803,21 Aug 2024,6:00 AM,6:12 AM
Virgin Australia,VA803,22 Aug 2024,6:00 AM,7:53 AM
Virgin Australia,VA803,23 Aug 2024,6:00 AM,6:16 AM
Virgin Australia,VA803,24 Aug 2024,6:00 AM,6:15 AM
Virgin Australia,VA803,25 Aug 2024,6:00 AM,
Virgin Australia,VA803,26 Aug 2024,6:00 AM,6:10 AM
Virgin Australia,VA803,27 Aug 2024,6:00 AM,6:12 AM
Virgin Australia,VA803,28 Aug 2024,6:00 AM,6:07 AM
Virgin Australia,VA803,29 Aug 2024,6:00 AM,6:31 AM
Virgin Australia,VA803,30 Aug 2024,6:00 AM,6:10 AM
Virgin Australia,VA803,31 Aug 2024,6:00 AM,6:19 AM
Virgin Australia,VA811,1 Aug 2024,7:00 AM,7:15 AM
Virgin Australia,VA811,02 Aug 2024,7:00 AM,7:11 AM
Virgin Australia,VA811,03 Aug 2024,7:00 AM,7:06 AM
Virgin Australia,VA811,04 Aug 2024,7:00 AM,7:06 AM
Virgin Australia,VA811,05 Aug 2024,7:00 AM,7:13 AM
Virgin Australia,VA811,06 Aug 2024,7:00 AM,7:15 AM
Virgin Australia,VA811,07 Aug 2024,7:00 AM,7:43 AM
Virgin Australia,VA811,08 Aug 2024,7:00 AM,7:29 AM
Virgin Australia,VA811,09 Aug 2024,7:00 AM,7:13 AM
Virgin Australia,VA811,10 Aug 2024,7:00 AM,7:09 AM
Virgin Australia,VA811,11 Aug 2024,7:00 AM,7:12 AM
Virgin Australia,VA811,12 Aug 2024,7:00 AM,7:16 AM
Virgin Australia,VA811,13 Aug 2024,7:00 AM,
Virgin Australia,VA811,14 Aug 2024,7:00 AM,7:16 AM
Virgin Australia,VA811,15 Aug 2024,7:00 AM,7:15 AM
Virgin Australia,VA811,16 Aug 2024,7:00 AM,7:20 AM
Virgin Australia,VA811,17 Aug 2024,7:00 AM,
Virgin Australia,VA811,18 Aug 2024,7:00 AM,7:12 AM
Virgin Australia,VA811,19 Aug 2024,7:00 AM,7:26 AM
Virgin Australia,VA811,20 Aug 2024,7:00 AM,7:07 AM
Virgin Australia,VA811,21 Aug 2024,7:00 AM,7:09 AM
Virgin Australia,VA811,22 Aug 2024,7:00 AM,7:06 AM
Virgin Australia,VA811,23 Aug 2024,7:00 AM,7:16 AM
Virgin Australia,VA811,24 Aug 2024,7:00 AM,7:13 AM
Virgin Australia,VA811,25 Aug 2024,7:00 AM,7:07 AM
Virgin Australia,VA811,26 Aug 2024,7:00 AM,7:07 AM
Virgin Australia,VA811,27 Aug 2024,7:00 AM,7:02 AM
Virgin Australia,VA811,28 Aug 2024,7:00 AM,7:18 AM
Virgin Australia,VA811,29 Aug 2024,7:00 AM,7:12 AM
Virgin Australia,VA811,30 Aug 2024,7:00 AM,7:04 AM
Virgin Australia,VA811,31 Aug 2024,7:00 AM,
Virgin Australia,VA815,1 Aug 2024,7:30 AM,7:41 AM
Virgin Australia,VA815,02 Aug 2024,7:30 AM,7:48 AM
Virgin Australia,VA815,03 Aug 2024,7:30 AM,7:44 AM
Virgin Australia,VA815,04 Aug 2024,7:30 AM,
Virgin Australia,VA815,05 Aug 2024,7:30 AM,7:55 AM
Virgin Australia,VA815,06 Aug 2024,7:30 AM,7:41 AM
Virgin Australia,VA815,07 Aug 2024,7:30 AM,7:45 AM
Virgin Australia,VA815,08 Aug 2024,7:30 AM,8:07 AM
Virgin Australia,VA815,09 Aug 2024,7:30 AM,8:32 AM
Virgin Australia,VA815,10 Aug 2024,7:30 AM,7:44 AM
Virgin Australia,VA815,11 Aug 2024,7:30 AM,
Virgin Australia,VA815,12 Aug 2024,7:30 AM,8:14 AM
Virgin Australia,VA815,13 Aug 2024,7:30 AM,7:47 AM
Virgin Australia,VA815,14 Aug 2024,7:30 AM,7:57 AM
Virgin Australia,VA815,15 Aug 2024,7:30 AM,7:44 AM
Virgin Australia,VA815,16 Aug 2024,7:30 AM,
Virgin Australia,VA815,17 Aug 2024,7:30 AM,7:49 AM
Virgin Australia,VA815,18 Aug 2024,7:30 AM,
Virgin Australia,VA815,19 Aug 2024,7:30 AM,7:54 AM
Virgin Australia,VA815,20 Aug 2024,7:30 AM,7:44 AM
Virgin Australia,VA815,21 Aug 2024,7:30 AM,7:59 AM
Virgin Australia,VA815,22 Aug 2024,7:30 AM,7:46 AM
Virgin Australia,VA815,23 Aug 2024,7:30 AM,7:51 AM
Virgin Australia,VA815,24 Aug 2024,7:30 AM,7:45 AM
Virgin Australia,VA815,25 Aug 2024,7:30 AM,
Virgin Australia,VA815,26 Aug 2024,7:30 AM,7:41 AM
Virgin Australia,VA815,27 Aug 2024,7:30 AM,7:48 AM
Virgin Australia,VA815,28 Aug 2024,7:30 AM,7:57 AM
Virgin Australia,VA815,29 Aug 2024,7:30 AM,7:38 AM
Virgin Australia,VA815,30 Aug 2024,7:30 AM,7:48 AM
Virgin Australia,VA815,31 Aug 2024,7:30 AM,7:58 AM
Virgin Australia,VA819,1 Aug 2024,8:00 AM,8:11 AM
Virgin Australia,VA819,02 Aug 2024,8:00 AM,8:10 AM
Virgin Australia,VA819,03 Aug 2024,8:00 AM,8:05 AM
Virgin Australia,VA819,04 Aug 2024,8:00 AM,8:10 AM
Virgin Australia,VA819,05 Aug 2024,8:00 AM,8:14 AM
Virgin Australia,VA819,06 Aug 2024,8:00 AM,8:15 AM
Virgin Australia,VA819,07 Aug 2024,8:00 AM,8:43 AM
Virgin Australia,VA819,08 Aug 2024,8:00 AM,8:17 AM
Virgin Australia,VA819,09 Aug 2024,8:00 AM,8:11 AM
Virgin Australia,VA819,10 Aug 2024,8:00 AM,8:11 AM
Virgin Australia,VA819,11 Aug 2024,8:00 AM,8:16 AM
Virgin Australia,VA819,12 Aug 2024,8:00 AM,8:15 AM
Virgin Australia,VA819,13 Aug 2024,8:00 AM,8:28 AM
Virgin Australia,VA819,14 Aug 2024,8:00 AM,8:27 AM
Virgin Australia,VA819,15 Aug 2024,8:00 AM,8:13 AM
Virgin Australia,VA819,16 Aug 2024,8:00 AM,8:17 AM
Virgin Australia,VA819,17 Aug 2024,8:00 AM,
Virgin Australia,VA819,18 Aug 2024,8:00 AM,8:07 AM
Virgin Australia,VA819,19 Aug 2024,8:00 AM,8:13 AM
Virgin Australia,VA819,20 Aug 2024,8:00 AM,8:28 AM
Virgin Australia,VA819,21 Aug 2024,8:00 AM,8:08 AM
Virgin Australia,VA819,22 Aug 2024,8:00 AM,8:11 AM
Virgin Australia,VA819,23 Aug 2024,8:00 AM,8:12 AM
Virgin Australia,VA819,24 Aug 2024,8:00 AM,8:41 AM
Virgin Australia,VA819,25 Aug 2024,8:00 AM,8:10 AM
Virgin Australia,VA819,26 Aug 2024,8:00 AM,8:22 AM
Virgin Australia,VA819,27 Aug 2024,8:00 AM,8:15 AM
Virgin Australia,VA819,28 Aug 2024,8:00 AM,8:28 AM
Virgin Australia,VA819,29 Aug 2024,8:00 AM,8:14 AM
Virgin Australia,VA819,30 Aug 2024,8:00 AM,8:10 AM
Virgin Australia,VA819,31 Aug 2024,8:00 AM,8:30 AM
Virgin Australia,VA823,1 Aug 2024,8:30 AM,8:41 AM
Virgin Australia,VA823,02 Aug 2024,8:30 AM,8:43 AM
Virgin Australia,VA823,03 Aug 2024,8:30 AM,8:42 AM
Virgin Australia,VA823,04 Aug 2024,8:30 AM,8:40 AM
Virgin Australia,VA823,05 Aug 2024,8:30 AM,8:44 AM
Virgin Australia,VA823,06 Aug 2024,8:30 AM,8:38 AM
Virgin Australia,VA823,07 Aug 2024,8:30 AM,8:55 AM
Virgin Australia,VA823,08 Aug 2024,8:30 AM,8:48 AM
Virgin Australia,VA823,09 Aug 2024,8:30 AM,8:35 AM
Virgin Australia,VA823,10 Aug 2024,8:30 AM,8:43 AM
Virgin Australia,VA823,11 Aug 2024,8:30 AM,8:37 AM
Virgin Australia,VA823,12 Aug 2024,8:30 AM,8:38 AM
Virgin Australia,VA823,13 Aug 2024,8:30 AM,8:44 AM
Virgin Australia,VA823,14 Aug 2024,8:30 AM,8:48 AM
Virgin Australia,VA823,15 Aug 2024,8:30 AM,8:58 AM
Virgin Australia,VA823,16 Aug 2024,8:30 AM,8:39 AM
Virgin Australia,VA823,17 Aug 2024,8:30 AM,9:16 AM
Virgin Australia,VA823,18 Aug 2024,8:30 AM,8:35 AM
Virgin Australia,VA823,19 Aug 2024,8:30 AM,8:47 AM
Virgin Australia,VA823,20 Aug 2024,8:30 AM,
Virgin Australia,VA823,21 Aug 2024,8:30 AM,8:37 AM
Virgin Australia,VA823,22 Aug 2024,8:30 AM,8:37 AM
Virgin Australia,VA823,23 Aug 2024,8:30 AM,8:39 AM
Virgin Australia,VA823,24 Aug 2024,8:30 AM,8:45 AM
Virgin Australia,VA823,25 Aug 2024,8:30 AM,8:37 AM
Virgin Australia,VA823,26 Aug 2024,8:30 AM,8:37 AM
Virgin Australia,VA823,27 Aug 2024,8:30 AM,8:50 AM
Virgin Australia,VA823,28 Aug 2024,8:30 AM,8:58 AM
Virgin Australia,VA823,29 Aug 2024,8:30 AM,8:37 AM
Virgin Australia,VA823,30 Aug 2024,8:30 AM,8:57 AM
Virgin Australia,VA823,31 Aug 2024,8:30 AM,9:03 AM
Virgin Australia,VA827,1 Aug 2024,9:00 AM,9:29 AM
Virgin Australia,VA827,02 Aug 2024,9:00 AM,10:10 AM
Virgin Australia,VA827,03 Aug 2024,9:00 AM,9:26 AM
Virgin Australia,VA827,04 Aug 2024,9:00 AM,9:12 AM
Virgin Australia,VA827,05 Aug 2024,9:00 AM,9:23 AM
Virgin Australia,VA827,06 Aug 2024,9:00 AM,9:09 AM
Virgin Australia,VA827,07 Aug 2024,9:00 AM,9:16 AM
Virgin Australia,VA827,08 Aug 2024,9:00 AM,9:23 AM
Virgin Australia,VA827,09 Aug 2024,9:00 AM,9:19 AM
Virgin Australia,VA827,10 Aug 2024,9:00 AM,9:11 AM
Virgin Australia,VA827,11 Aug 2024,9:00 AM,9:20 AM
Virgin Australia,VA827,12 Aug 2024,9:00 AM,9:08 AM
Virgin Australia,VA827,13 Aug 2024,9:00 AM,9:11 AM
Virgin Australia,VA827,14 Aug 2024,9:00 AM,9:20 AM
Virgin Australia,VA827,15 Aug 2024,9:00 AM,10:09 AM
Virgin Australia,VA827,16 Aug 2024,9:00 AM,9:27 AM
Virgin Australia,VA827,17 Aug 2024,9:00 AM,9:35 AM
Virgin Australia,VA827,18 Aug 2024,9:00 AM,9:15 AM
Virgin Australia,VA827,19 Aug 2024,9:00 AM,9:17 AM
Virgin Australia,VA827,20 Aug 2024,9:00 AM,9:14 AM
Virgin Australia,VA827,21 Aug 2024,9:00 AM,9:11 AM
Virgin Australia,VA827,22 Aug 2024,9:00 AM,9:14 AM
Virgin Australia,VA827,23 Aug 2024,9:00 AM,9:18 AM
Virgin Australia,VA827,24 Aug 2024,9:00 AM,9:26 AM
Virgin Australia,VA827,25 Aug 2024,9:00 AM,9:19 AM
Virgin Australia,VA827,26 Aug 2024,9:00 AM,9:18 AM
Virgin Australia,VA827,27 Aug 2024,9:00 AM,9:30 AM
Virgin Australia,VA827,28 Aug 2024,9:00 AM,9:49 AM
Virgin Australia,VA827,29 Aug 2024,9:00 AM,9:12 AM
Virgin Australia,VA827,30 Aug 2024,9:00 AM,9:25 AM
Virgin Australia,VA827,31 Aug 2024,9:00 AM,9:21 AM
Virgin Australia,VA833,1 Aug 2024,10:00 AM,11:14 AM
Virgin Australia,VA833,02 Aug 2024,10:00 AM,10:37 AM
Virgin Australia,VA833,03 Aug 2024,10:00 AM,10:10 AM
Virgin Australia,VA833,04 Aug 2024,10:00 AM,10:11 AM
Virgin Australia,VA833,05 Aug 2024,10:00 AM,10:12 AM
Virgin Australia,VA833,06 Aug 2024,10:00 AM,10:17 AM
Virgin Australia,VA833,07 Aug 2024,10:00 AM,10:16 AM
Virgin Australia,VA833,08 Aug 2024,10:00 AM,10:11 AM
Virgin Australia,VA833,09 Aug 2024,10:00 AM,10:12 AM
Virgin Australia,VA833,10 Aug 2024,10:00 AM,10:07 AM
Virgin Australia,VA833,11 Aug 2024,10:00 AM,10:17 AM
Virgin Australia,VA833,12 Aug 2024,10:00 AM,10:22 AM
Virgin Australia,VA833,13 Aug 2024,10:00 AM,11:05 AM
Virgin Australia,VA833,14 Aug 2024,10:00 AM,10:16 AM
Virgin Australia,VA833,15 Aug 2024,10:00 AM,10:28 AM
Virgin Australia,VA833,16 Aug 2024,10:00 AM,10:27 AM
Virgin Australia,VA833,17 Aug 2024,10:00 AM,10:21 AM
Virgin Australia,VA833,18 Aug 2024,10:00 AM,10:29 AM
Virgin Australia,VA833,19 Aug 2024,10:00 AM,10:21 AM
Virgin Australia,VA833,20 Aug 2024,10:00 AM,10:08 AM
Virgin Australia,VA833,21 Aug 2024,10:00 AM,10:12 AM
Virgin Australia,VA833,22 Aug 2024,10:00 AM,10:26 AM
Virgin Australia,VA833,23 Aug 2024,10:00 AM,10:14 AM
Virgin Australia,VA833,24 Aug 2024,10:00 AM,10:14 AM
Virgin Australia,VA833,25 Aug 2024,10:00 AM,10:15 AM
Virgin Australia,VA833,26 Aug 2024,10:00 AM,10:36 AM
Virgin Australia,VA833,27 Aug 2024,10:00 AM,10:18 AM
Virgin Australia,VA833,28 Aug 2024,10:00 AM,10:18 AM
Virgin Australia,VA833,29 Aug 2024,10:00 AM,10:10 AM
Virgin Australia,VA833,30 Aug 2024,10:00 AM,10:13 AM
Virgin Australia,VA833,31 Aug 2024,10:00 AM,10:07 AM
Virgin Australia,VA841,1 Aug 2024,12:00 PM,12:20 PM
Virgin Australia,VA841,02 Aug 2024,12:00 PM,12:14 PM
Virgin Australia,VA841,03 Aug 2024,12:00 PM,
Virgin Australia,VA841,04 Aug 2024,12:00 PM,12:13 PM
Virgin Australia,VA841,05 Aug 2024,12:00 PM,12:38 PM
Virgin Australia,VA841,06 Aug 2024,12:00 PM,12:36 PM
Virgin Australia,VA841,07 Aug 2024,12:00 PM,12:13 PM
Virgin Australia,VA841,08 Aug 2024,12:00 PM,12:19 PM
Virgin Australia,VA841,09 Aug 2024,12:00 PM,12:19 PM
Virgin Australia,VA841,10 Aug 2024,12:00 PM,
Virgin Australia,VA841,11 Aug 2024,12:00 PM,12:32 PM
Virgin Australia,VA841,12 Aug 2024,12:00 PM,12:39 PM
Virgin Australia,VA841,13 Aug 2024,12:00 PM,12:07 PM
Virgin Australia,VA841,14 Aug 2024,12:00 PM,12:15 PM
Virgin Australia,VA841,15 Aug 2024,12:00 PM,12:19 PM
Virgin Australia,VA841,16 Aug 2024,12:00 PM,12:53 PM
Virgin Australia,VA841,17 Aug 2024,12:00 PM,
Virgin Australia,VA841,18 Aug 2024,12:00 PM,12:20 PM
Virgin Australia,VA841,19 Aug 2024,12:00 PM,12:38 PM
Virgin Australia,VA841,20 Aug 2024,12:00 PM,12:18 PM
Virgin Australia,VA841,21 Aug 2024,12:00 PM,12:16 PM
Virgin Australia,VA841,22 Aug 2024,12:00 PM,12:23 PM
Virgin Australia,VA841,23 Aug 2024,12:00 PM,12:19 PM
Virgin Australia,VA841,24 Aug 2024,12:00 PM,
Virgin Australia,VA841,25 Aug 2024,12:00 PM,12:51 PM
Virgin Australia,VA841,26 Aug 2024,12:00 PM,12:17 PM
Virgin Australia,VA841,27 Aug 2024,12:00 PM,12:16 PM
Virgin Australia,VA841,28 Aug 2024,12:00 PM,12:24 PM
Virgin Australia,VA841,29 Aug 2024,12:00 PM,12:28 PM
Virgin Australia,VA841,30 Aug 2024,12:00 PM,12:23 PM
Virgin Australia,VA841,31 Aug 2024,12:00 PM,
Virgin Australia,VA849,1 Aug 2024,2:00 PM,2:52 PM
Virgin Australia,VA849,02 Aug 2024,2:00 PM,2:11 PM
Virgin Australia,VA849,03 Aug 2024,2:00 PM,2:10 PM
Virgin Australia,VA849,04 Aug 2024,2:00 PM,2:15 PM
Virgin Australia,VA849,05 Aug 2024,2:00 PM,2:15 PM
Virgin Australia,VA849,06 Aug 2024,2:00 PM,2:09 PM
Virgin Australia,VA849,07 Aug 2024,2:00 PM,2:31 PM
Virgin Australia,VA849,08 Aug 2024,2:00 PM,2:08 PM
Virgin Australia,VA849,09 Aug 2024,2:00 PM,2:14 PM
Virgin Australia,VA849,10 Aug 2024,2:00 PM,2:06 PM
Virgin Australia,VA849,11 Aug 2024,2:00 PM,2:19 PM
Virgin Australia,VA849,12 Aug 2024,2:00 PM,2:15 PM
Virgin Australia,VA849,13 Aug 2024,2:00 PM,2:12 PM
Virgin Australia,VA849,14 Aug 2024,2:00 PM,2:41 PM
Virgin Australia,VA849,15 Aug 2024,2:00 PM,2:36 PM
Virgin Australia,VA849,16 Aug 2024,2:00 PM,2:32 PM
Virgin Australia,VA849,17 Aug 2024,2:00 PM,2:09 PM
Virgin Australia,VA849,18 Aug 2024,2:00 PM,2:16 PM
Virgin Australia,VA849,19 Aug 2024,2:00 PM,2:16 PM
Virgin Australia,VA849,20 Aug 2024,2:00 PM,2:06 PM
Virgin Australia,VA849,21 Aug 2024,2:00 PM,2:07 PM
Virgin Australia,VA849,22 Aug 2024,2:00 PM,2:14 PM
Virgin Australia,VA849,23 Aug 2024,2:00 PM,2:08 PM
Virgin Australia,VA849,24 Aug 2024,2:00 PM,2:24 PM
Virgin Australia,VA849,25 Aug 2024,2:00 PM,2:18 PM
Virgin Australia,VA849,26 Aug 2024,2:00 PM,2:30 PM
Virgin Australia,VA849,27 Aug 2024,2:00 PM,2:20 PM
Virgin Australia,VA849,28 Aug 2024,2:00 PM,2:10 PM
Virgin Australia,VA849,29 Aug 2024,2:00 PM,2:08 PM
Virgin Australia,VA849,30 Aug 2024,2:00 PM,
Virgin Australia,VA849,31 Aug 2024,2:00 PM,2:09 PM
Virgin Australia,VA853,1 Aug 2024,3:00 PM,3:11 PM
Virgin Australia,VA853,02 Aug 2024,3:00 PM,3:06 PM
Virgin Australia,VA853,03 Aug 2024,3:00 PM,
Virgin Australia,VA853,04 Aug 2024,3:00 PM,
Virgin Australia,VA853,05 Aug 2024,3:00 PM,3:13 PM
Virgin Australia,VA853,06 Aug 2024,3:00 PM,3:30 PM
Virgin Australia,VA853,07 Aug 2024,3:00 PM,3:27 PM
Virgin Australia,VA853,08 Aug 2024,3:00 PM,3:18 PM
Virgin Australia,VA853,09 Aug 2024,3:00 PM,3:29 PM
Virgin Australia,VA853,10 Aug 2024,3:00 PM,
Virgin Australia,VA853,11 Aug 2024,3:00 PM,3:05 PM
Virgin Australia,VA853,12 Aug 2024,3:00 PM,3:27 PM
Virgin Australia,VA853,13 Aug 2024,3:00 PM,3:19 PM
Virgin Australia,VA853,14 Aug 2024,3:00 PM,3:11 PM
Virgin Australia,VA853,15 Aug 2024,3:00 PM,3:14 PM
Virgin Australia,VA853,16 Aug 2024,3:00 PM,3:05 PM
Virgin Australia,VA853,17 Aug 2024,3:00 PM,
Virgin Australia,VA853,18 Aug 2024,3:00 PM,3:25 PM
Virgin Australia,VA853,19 Aug 2024,3:00 PM,3:44 PM
Virgin Australia,VA853,20 Aug 2024,3:00 PM,3:22 PM
Virgin Australia,VA853,21 Aug 2024,3:00 PM,3:05 PM
Virgin Australia,VA853,22 Aug 2024,3:00 PM,3:15 PM
Virgin Australia,VA853,23 Aug 2024,3:00 PM,3:23 PM
Virgin Australia,VA853,24 Aug 2024,3:00 PM,
Virgin Australia,VA853,25 Aug 2024,3:00 PM,3:33 PM
Virgin Australia,VA853,26 Aug 2024,3:00 PM,3:22 PM
Virgin Australia,VA853,27 Aug 2024,3:00 PM,3:25 PM
Virgin Australia,VA853,28 Aug 2024,3:00 PM,3:45 PM
Virgin Australia,VA853,29 Aug 2024,3:00 PM,3:32 PM
Virgin Australia,VA853,30 Aug 2024,3:00 PM,3:31 PM
Virgin Australia,VA853,31 Aug 2024,3:00 PM,
Virgin Australia,VA859,1 Aug 2024,4:00 PM,4:50 PM
Virgin Australia,VA859,02 Aug 2024,4:00 PM,4:33 PM
Virgin Australia,VA859,03 Aug 2024,4:00 PM,4:15 PM
Virgin Australia,VA859,04 Aug 2024,4:00 PM,4:48 PM
Virgin Australia,VA859,05 Aug 2024,4:00 PM,4:47 PM
Virgin Australia,VA859,06 Aug 2024,4:00 PM,4:43 PM
Virgin Australia,VA859,07 Aug 2024,4:00 PM,4:34 PM
Virgin Australia,VA859,08 Aug 2024,4:00 PM,5:09 PM
Virgin Australia,VA859,09 Aug 2024,4:00 PM,4:21 PM
Virgin Australia,VA859,10 Aug 2024,4:00 PM,4:10 PM
Virgin Australia,VA859,11 Aug 2024,4:00 PM,4:08 PM
Virgin Australia,VA859,12 Aug 2024,4:00 PM,4:36 PM
Virgin Australia,VA859,13 Aug 2024,4:00 PM,4:23 PM
Virgin Australia,VA859,14 Aug 2024,4:00 PM,4:33 PM
Virgin Australia,VA859,15 Aug 2024,4:00 PM,5:01 PM
Virgin Australia,VA859,16 Aug 2024,4:00 PM,4:58 PM
Virgin Australia,VA859,17 Aug 2024,4:00 PM,4:45 PM
Virgin Australia,VA859,18 Aug 2024,4:00 PM,4:46 PM
Virgin Australia,VA859,19 Aug 2024,4:00 PM,4:18 PM
Virgin Australia,VA859,20 Aug 2024,4:00 PM,4:39 PM
Virgin Australia,VA859,21 Aug 2024,4:00 PM,4:27 PM
Virgin Australia,VA859,22 Aug 2024,4:00 PM,4:24 PM
Virgin Australia,VA859,23 Aug 2024,4:00 PM,4:08 PM
Virgin Australia,VA859,24 Aug 2024,4:00 PM,4:10 PM
Virgin Australia,VA859,25 Aug 2024,4:00 PM,4:56 PM
Virgin Australia,VA859,26 Aug 2024,4:00 PM,4:13 PM
Virgin Australia,VA859,27 Aug 2024,4:00 PM,4:40 PM
Virgin Australia,VA859,28 Aug 2024,4:00 PM,
Virgin Australia,VA859,29 Aug 2024,4:00 PM,4:16 PM
Virgin Australia,VA859,30 Aug 2024,4:00 PM,4:15 PM
Virgin Australia,VA859,31 Aug 2024,4:00 PM,4:11 PM
Virgin Australia,VA863,1 Aug 2024,4:30 PM,5:11 PM
Virgin Australia,VA863,02 Aug 2024,4:30 PM,5:13 PM
Virgin Australia,VA863,03 Aug 2024,4:30 PM,
Virgin Australia,VA863,04 Aug 2024,4:30 PM,4:53 PM
Virgin Australia,VA863,05 Aug 2024,4:30 PM,4:43 PM
Virgin Australia,VA863,06 Aug 2024,4:30 PM,4:38 PM
Virgin Australia,VA863,07 Aug 2024,4:30 PM,4:48 PM
Virgin Australia,VA863,08 Aug 2024,4:30 PM,4:45 PM
Virgin Australia,VA863,09 Aug 2024,4:30 PM,5:15 PM
Virgin Australia,VA863,10 Aug 2024,4:30 PM,
Virgin Australia,VA863,11 Aug 2024,4:30 PM,4:42 PM
Virgin Australia,VA863,12 Aug 2024,4:30 PM,4:41 PM
Virgin Australia,VA863,13 Aug 2024,4:30 PM,4:40 PM
Virgin Australia,VA863,14 Aug 2024,4:30 PM,4:45 PM
Virgin Australia,VA863,15 Aug 2024,4:30 PM,4:56 PM
Virgin Australia,VA863,16 Aug 2024,4:30 PM,4:49 PM
Virgin Australia,VA863,17 Aug 2024,4:30 PM,
Virgin Australia,VA863,18 Aug 2024,4:30 PM,5:08 PM
Virgin Australia,VA863,19 Aug 2024,4:30 PM,4:50 PM
Virgin Australia,VA863,20 Aug 2024,4:30 PM,4:49 PM
Virgin Australia,VA863,21 Aug 2024,4:30 PM,4:44 PM
Virgin Australia,VA863,22 Aug 2024,4:30 PM,4:37 PM
Virgin Australia,VA863,23 Aug 2024,4:30 PM,4:51 PM
Virgin Australia,VA863,24 Aug 2024,4:30 PM,
Virgin Australia,VA863,25 Aug 2024,4:30 PM,5:09 PM
Virgin Australia,VA863,26 Aug 2024,4:30 PM,
Virgin Australia,VA863,27 Aug 2024,4:30 PM,4:51 PM
Virgin Australia,VA863,28 Aug 2024,4:30 PM,5:08 PM
Virgin Australia,VA863,29 Aug 2024,4:30 PM,4:50 PM
Virgin Australia,VA863,30 Aug 2024,4:30 PM,4:45 PM
Virgin Australia,VA863,31 Aug 2024,4:30 PM,
Virgin Australia,VA867,1 Aug 2024,5:00 PM,5:15 PM
Virgin Australia,VA867,02 Aug 2024,5:00 PM,5:51 PM
Virgin Australia,VA867,03 Aug 2024,5:00 PM,
Virgin Australia,VA867,04 Aug 2024,5:00 PM,5:28 PM
Virgin Australia,VA867,05 Aug 2024,5:00 PM,5:13 PM
Virgin Australia,VA867,06 Aug 2024,5:00 PM,5:29 PM
Virgin Australia,VA867,07 Aug 2024,5:00 PM,5:12 PM
Virgin Australia,VA867,08 Aug 2024,5:00 PM,5:56 PM
Virgin Australia,VA867,09 Aug 2024,5:00 PM,5:54 PM
Virgin Australia,VA867,10 Aug 2024,5:00 PM,
Virgin Australia,VA867,11 Aug 2024,5:00 PM,5:18 PM
Virgin Australia,VA867,12 Aug 2024,5:00 PM,5:08 PM
Virgin Australia,VA867,13 Aug 2024,5:00 PM,5:06 PM
Virgin Australia,VA867,14 Aug 2024,5:00 PM,5:18 PM
Virgin Australia,VA867,15 Aug 2024,5:00 PM,5:18 PM
Virgin Australia,VA867,16 Aug 2024,5:00 PM,8:15 PM
Virgin Australia,VA867,17 Aug 2024,5:00 PM,
Virgin Australia,VA867,18 Aug 2024,5:00 PM,5:19 PM
Virgin Australia,VA867,19 Aug 2024,5:00 PM,5:27 PM
Virgin Australia,VA867,20 Aug 2024,5:00 PM,5:07 PM
Virgin Australia,VA867,21 Aug 2024,5:00 PM,5:10 PM
Virgin Australia,VA867,22 Aug 2024,5:00 PM,5:11 PM
Virgin Australia,VA867,23 Aug 2024,5:00 PM,5:25 PM
Virgin Australia,VA867,24 Aug 2024,5:00 PM,
Virgin Australia,VA867,25 Aug 2024,5:00 PM,6:31 PM
Virgin Australia,VA867,26 Aug 2024,5:00 PM,5:32 PM
Virgin Australia,VA867,27 Aug 2024,5:00 PM,5:11 PM
Virgin Australia,VA867,28 Aug 2024,5:00 PM,6:24 PM
Virgin Australia,VA867,29 Aug 2024,5:00 PM,5:50 PM
Virgin Australia,VA867,30 Aug 2024,5:00 PM,5:36 PM
Virgin Australia,VA867,31 Aug 2024,5:00 PM,
Virgin Australia,VA869,1 Aug 2024,5:15 PM,5:51 PM
Virgin Australia,VA869,02 Aug 2024,5:15 PM,5:47 PM
Virgin Australia,VA869,03 Aug 2024,,
Virgin Australia,VA869,04 Aug 2024,5:10 PM,5:19 PM
Virgin Australia,VA869,05 Aug 2024,5:10 PM,5:21 PM
Virgin Australia,VA869,06 Aug 2024,5:10 PM,5:27 PM
Virgin Australia,VA869,07 Aug 2024,5:10 PM,5:49 PM
Virgin Australia,VA869,08 Aug 2024,5:15 PM,5:46 PM
Virgin Australia,VA869,09 Aug 2024,5:15 PM,5:43 PM
Virgin Australia,VA869,10 Aug 2024,,
Virgin Australia,VA869,11 Aug 2024,5:10 PM,5:56 PM
Virgin Australia,VA869,12 Aug 2024,5:10 PM,5:30 PM
Virgin Australia,VA869,13 Aug 2024,5:10 PM,5:15 PM
Virgin Australia,VA869,14 Aug 2024,5:10 PM,5:38 PM
Virgin Australia,VA869,15 Aug 2024,5:15 PM,5:55 PM
Virgin Australia,VA869,16 Aug 2024,5:15 PM,5:40 PM
Virgin Australia,VA869,17 Aug 2024,,
Virgin Australia,VA869,18 Aug 2024,5:10 PM,5:26 PM
Virgin Australia,VA869,19 Aug 2024,5:10 PM,5:20 PM
Virgin Australia,VA869,20 Aug 2024,5:10 PM,5:33 PM
Virgin Australia,VA869,21 Aug 2024,5:10 PM,5:51 PM
Virgin Australia,VA869,22 Aug 2024,5:15 PM,5:30 PM
Virgin Australia,VA869,23 Aug 2024,5:15 PM,5:23 PM
Virgin Australia,VA869,24 Aug 2024,,
Virgin Australia,VA869,25 Aug 2024,,
Virgin Australia,VA869,26 Aug 2024,5:10 PM,7:58 PM
Virgin Australia,VA869,27 Aug 2024,5:10 PM,5:47 PM
Virgin Australia,VA869,28 Aug 2024,5:10 PM,6:45 PM
Virgin Australia,VA869,29 Aug 2024,5:15 PM,5:41 PM
Virgin Australia,VA869,30 Aug 2024,5:15 PM,6:04 PM
Virgin Australia,VA869,31 Aug 2024,,
Virgin Australia,VA871,1 Aug 2024,5:30 PM,5:47 PM
Virgin Australia,VA871,02 Aug 2024,5:30 PM,
Virgin Australia,VA871,03 Aug 2024,5:30 PM,
Virgin Australia,VA871,04 Aug 2024,5:30 PM,5:32 PM
Virgin Australia,VA871,05 Aug 2024,5:30 PM,5:47 PM
Virgin Australia,VA871,06 Aug 2024,5:30 PM,5:59 PM
Virgin Australia,VA871,07 Aug 2024,5:30 PM,6:56 PM
Virgin Australia,VA871,08 Aug 2024,5:30 PM,6:08 PM
Virgin Australia,VA871,09 Aug 2024,5:30 PM,5:53 PM
Virgin Australia,VA871,10 Aug 2024,5:30 PM,
Virgin Australia,VA871,11 Aug 2024,5:30 PM,5:48 PM
Virgin Australia,VA871,12 Aug 2024,5:30 PM,5:46 PM
Virgin Australia,VA871,13 Aug 2024,5:30 PM,5:37 PM
Virgin Australia,VA871,14 Aug 2024,5:30 PM,5:44 PM
Virgin Australia,VA871,15 Aug 2024,5:30 PM,6:01 PM
Virgin Australia,VA871,16 Aug 2024,5:30 PM,8:37 PM
Virgin Australia,VA871,17 Aug 2024,5:30 PM,
Virgin Australia,VA871,18 Aug 2024,5:30 PM,5:49 PM
Virgin Australia,VA871,19 Aug 2024,5:30 PM,6:19 PM
Virgin Australia,VA871,20 Aug 2024,5:30 PM,8:25 PM
Virgin Australia,VA871,21 Aug 2024,5:30 PM,5:41 PM
Virgin Australia,VA871,22 Aug 2024,5:30 PM,5:42 PM
Virgin Australia,VA871,23 Aug 2024,5:30 PM,5:57 PM
Virgin Australia,VA871,24 Aug 2024,5:30 PM,
Virgin Australia,VA871,25 Aug 2024,5:30 PM,6:33 PM
Virgin Australia,VA871,26 Aug 2024,5:30 PM,6:14 PM
Virgin Australia,VA871,27 Aug 2024,5:30 PM,5:53 PM
Virgin Australia,VA871,28 Aug 2024,5:30 PM,7:15 PM
Virgin Australia,VA871,29 Aug 2024,5:30 PM,5:54 PM
Virgin Australia,VA871,30 Aug 2024,5:30 PM,
Virgin Australia,VA871,31 Aug 2024,5:30 PM,
Virgin Australia,VA875,1 Aug 2024,6:00 PM,6:34 PM
Virgin Australia,VA875,02 Aug 2024,6:00 PM,6:09 PM
Virgin Australia,VA875,03 Aug 2024,6:00 PM,6:02 PM
Virgin Australia,VA875,04 Aug 2024,6:00 PM,6:15 PM
Virgin Australia,VA875,05 Aug 2024,6:00 PM,6:09 PM
Virgin Australia,VA875,06 Aug 2024,6:00 PM,6:09 PM
Virgin Australia,VA875,07 Aug 2024,6:00 PM,6:29 PM
Virgin Australia,VA875,08 Aug 2024,6:00 PM,6:14 PM
Virgin Australia,VA875,09 Aug 2024,6:00 PM,6:16 PM
Virgin Australia,VA875,10 Aug 2024,6:00 PM,6:07 PM
Virgin Australia,VA875,11 Aug 2024,6:00 PM,6:06 PM
Virgin Australia,VA875,12 Aug 2024,6:00 PM,6:54 PM
Virgin Australia,VA875,13 Aug 2024,6:00 PM,6:08 PM
Virgin Australia,VA875,14 Aug 2024,6:00 PM,6:10 PM
Virgin Australia,VA875,15 Aug 2024,6:00 PM,6:29 PM
Virgin Australia,VA875,16 Aug 2024,6:00 PM,8:44 PM
Virgin Australia,VA875,17 Aug 2024,6:00 PM,6:16 PM
Virgin Australia,VA875,18 Aug 2024,6:00 PM,6:48 PM
Virgin Australia,VA875,19 Aug 2024,6:00 PM,6:58 PM
Virgin Australia,VA875,20 Aug 2024,6:00 PM,6:02 PM
Virgin Australia,VA875,21 Aug 2024,6:00 PM,6:11 PM
Virgin Australia,VA875,22 Aug 2024,6:00 PM,6:30 PM
Virgin Australia,VA875,23 Aug 2024,6:00 PM,6:09 PM
Virgin Australia,VA875,24 Aug 2024,6:00 PM,6:16 PM
Virgin Australia,VA875,25 Aug 2024,6:00 PM,6:59 PM
Virgin Australia,VA875,26 Aug 2024,6:00 PM,6:35 PM
Virgin Australia,VA875,27 Aug 2024,6:00 PM,6:08 PM
Virgin Australia,VA875,28 Aug 2024,6:00 PM,7:35 PM
Virgin Australia,VA875,29 Aug 2024,6:00 PM,6:07 PM
Virgin Australia,VA875,30 Aug 2024,6:00 PM,6:40 PM
Virgin Australia,VA875,31 Aug 2024,6:00 PM,6:25 PM
Virgin Australia,VA879,1 Aug 2024,6:30 PM,6:45 PM
Virgin Australia,VA879,02 Aug 2024,6:30 PM,6:39 PM
Virgin Australia,VA879,03 Aug 2024,6:30 PM,
Virgin Australia,VA879,04 Aug 2024,6:30 PM,6:48 PM
Virgin Australia,VA879,05 Aug 2024,6:30 PM,6:40 PM
Virgin Australia,VA879,06 Aug 2024,6:30 PM,6:31 PM
Virgin Australia,VA879,07 Aug 2024,6:30 PM,6:36 PM
Virgin Australia,VA879,08 Aug 2024,6:30 PM,6:52 PM
Virgin Australia,VA879,09 Aug 2024,6:30 PM,6:44 PM
Virgin Australia,VA879,10 Aug 2024,6:30 PM,
Virgin Australia,VA879,11 Aug 2024,6:30 PM,6:43 PM
Virgin Australia,VA879,12 Aug 2024,6:30 PM,6:42 PM
Virgin Australia,VA879,13 Aug 2024,6:30 PM,6:34 PM
Virgin Australia,VA879,14 Aug 2024,6:30 PM,6:37 PM
Virgin Australia,VA879,15 Aug 2024,6:30 PM,6:47 PM
Virgin Australia,VA879,16 Aug 2024,6:30 PM,8:27 PM
Virgin Australia,VA879,17 Aug 2024,6:30 PM,
Virgin Australia,VA879,18 Aug 2024,6:30 PM,
Virgin Australia,VA879,19 Aug 2024,6:30 PM,6:48 PM
Virgin Australia,VA879,20 Aug 2024,6:30 PM,6:34 PM
Virgin Australia,VA879,21 Aug 2024,6:30 PM,6:38 PM
Virgin Australia,VA879,22 Aug 2024,6:30 PM,6:39 PM
Virgin Australia,VA879,23 Aug 2024,6:30 PM,6:40 PM
Virgin Australia,VA879,24 Aug 2024,6:30 PM,
Virgin Australia,VA879,25 Aug 2024,6:30 PM,7:16 PM
Virgin Australia,VA879,26 Aug 2024,6:30 PM,7:06 PM
Virgin Australia,VA879,27 Aug 2024,6:30 PM,6:46 PM
Virgin Australia,VA879,28 Aug 2024,6:30 PM,8:16 PM
Virgin Australia,VA879,29 Aug 2024,6:30 PM,6:57 PM
Virgin Australia,VA879,30 Aug 2024,6:30 PM,6:50 PM
Virgin Australia,VA879,31 Aug 2024,6:30 PM,
Virgin Australia,VA883,1 Aug 2024,7:00 PM,7:47 PM
Virgin Australia,VA883,02 Aug 2024,7:00 PM,8:12 PM
Virgin Australia,VA883,03 Aug 2024,7:00 PM,
Virgin Australia,VA883,04 Aug 2024,7:00 PM,7:22 PM
Virgin Australia,VA883,05 Aug 2024,7:00 PM,7:09 PM
Virgin Australia,VA883,06 Aug 2024,7:00 PM,7:13 PM
Virgin Australia,VA883,07 Aug 2024,7:00 PM,7:13 PM
Virgin Australia,VA883,08 Aug 2024,7:00 PM,7:26 PM
Virgin Australia,VA883,09 Aug 2024,7:00 PM,7:23 PM
Virgin Australia,VA883,10 Aug 2024,7:00 PM,
Virgin Australia,VA883,11 Aug 2024,7:00 PM,7:14 PM
Virgin Australia,VA883,12 Aug 2024,7:00 PM,7:01 PM
Virgin Australia,VA883,13 Aug 2024,7:00 PM,7:57 PM
Virgin Australia,VA883,14 Aug 2024,7:00 PM,7:17 PM
Virgin Australia,VA883,15 Aug 2024,7:00 PM,7:19 PM
Virgin Australia,VA883,16 Aug 2024,7:00 PM,
Virgin Australia,VA883,17 Aug 2024,7:00 PM,
Virgin Australia,VA883,18 Aug 2024,7:00 PM,7:29 PM
Virgin Australia,VA883,19 Aug 2024,7:00 PM,7:15 PM
Virgin Australia,VA883,20 Aug 2024,7:00 PM,7:21 PM
Virgin Australia,VA883,21 Aug 2024,7:00 PM,7:34 PM
Virgin Australia,VA883,22 Aug 2024,7:00 PM,7:34 PM
Virgin Australia,VA883,23 Aug 2024,7:00 PM,7:27 PM
Virgin Australia,VA883,24 Aug 2024,7:00 PM,
Virgin Australia,VA883,25 Aug 2024,7:00 PM,7:50 PM
Virgin Australia,VA883,26 Aug 2024,7:00 PM,
Virgin Australia,VA883,27 Aug 2024,7:00 PM,7:46 PM
Virgin Australia,VA883,28 Aug 2024,7:00 PM,7:50 PM
Virgin Australia,VA883,29 Aug 2024,7:00 PM,7:58 PM
Virgin Australia,VA883,30 Aug 2024,7:00 PM,7:14 PM
Virgin Australia,VA883,31 Aug 2024,7:00 PM,